[1/1556] multilogieval::multilogieval:d1_Data/fol/BD.json:0:1
[2/1556] multilogieval::multilogieval:d1_Data/fol/BD.json:1:2
[3/1556] multilogieval::multilogieval:d1_Data/fol/BD.json:2:3
[4/1556] multilogieval::multilogieval:d1_Data/fol/BD.json:3:4
[5/1556] multilogieval::multilogieval:d1_Data/fol/BD.json:4:5
[6/1556] multilogieval::multilogieval:d1_Data/fol/BD.json:5:6
[7/1556] multilogieval::multilogieval:d1_Data/fol/BD.json:6:7
[8/1556] multilogieval::multilogieval:d1_Data/fol/BD.json:7:8
[9/1556] multilogieval::multilogieval:d1_Data/fol/BD.json:8:9
[10/1556] multilogieval::multilogieval:d1_Data/fol/BD.json:9:10
[11/1556] multilogieval::multilogieval:d1_Data/fol/CD.json:0:1
[12/1556] multilogieval::multilogieval:d1_Data/fol/CD.json:1:2
[13/1556] multilogieval::multilogieval:d1_Data/fol/CD.json:2:3
[14/1556] multilogieval::multilogieval:d1_Data/fol/CD.json:3:4
[15/1556] multilogieval::multilogieval:d1_Data/fol/CD.json:4:5
[16/1556] multilogieval::multilogieval:d1_Data/fol/CD.json:5:6
[17/1556] multilogieval::multilogieval:d1_Data/fol/CD.json:6:7
[18/1556] multilogieval::multilogieval:d1_Data/fol/CD.json:7:8
[19/1556] multilogieval::multilogieval:d1_Data/fol/CD.json:8:9
[20/1556] multilogieval::multilogieval:d1_Data/fol/CD.json:9:10
[21/1556] multilogieval::multilogieval:d1_Data/fol/CO.json:0:1
[22/1556] multilogieval::multilogieval:d1_Data/fol/CO.json:1:2
[23/1556] multilogieval::multilogieval:d1_Data/fol/CO.json:2:3
[24/1556] multilogieval::multilogieval:d1_Data/fol/CO.json:3:4
[25/1556] multilogieval::multilogieval:d1_Data/fol/CO.json:4:5
[26/1556] multilogieval::multilogieval:d1_Data/fol/CO.json:5:6
[27/1556] multilogieval::multilogieval:d1_Data/fol/CO.json:6:7
[28/1556] multilogieval::multilogieval:d1_Data/fol/CO.json:7:8
[29/1556] multilogieval::multilogieval:d1_Data/fol/CO.json:8:9
[30/1556] multilogieval::multilogieval:d1_Data/fol/CO.json:9:10
[31/1556] multilogieval::multilogieval:d1_Data/fol/CT.json:0:1
[32/1556] multilogieval::multilogieval:d1_Data/fol/CT.json:1:2
[33/1556] multilogieval::multilogieval:d1_Data/fol/CT.json:2:3
[34/1556] multilogieval::multilogieval:d1_Data/fol/CT.json:3:4
[35/1556] multilogieval::multilogieval:d1_Data/fol/CT.json:4:5
[36/1556] multilogieval::multilogieval:d1_Data/fol/CT.json:5:6
[37/1556] multilogieval::multilogieval:d1_Data/fol/CT.json:6:7
[38/1556] multilogieval::multilogieval:d1_Data/fol/CT.json:7:8
[39/1556] multilogieval::multilogieval:d1_Data/fol/CT.json:8:9
[40/1556] multilogieval::multilogieval:d1_Data/fol/CT.json:9:10
[41/1556] multilogieval::multilogieval:d1_Data/fol/DD.json:0:1
[42/1556] multilogieval::multilogieval:d1_Data/fol/DD.json:1:2
[43/1556] multilogieval::multilogieval:d1_Data/fol/DD.json:2:3
[44/1556] multilogieval::multilogieval:d1_Data/fol/DD.json:3:4
[45/1556] multilogieval::multilogieval:d1_Data/fol/DD.json:4:5
[46/1556] multilogieval::multilogieval:d1_Data/fol/DD.json:5:6
[47/1556] multilogieval::multilogieval:d1_Data/fol/DD.json:6:7
[48/1556] multilogieval::multilogieval:d1_Data/fol/DD.json:7:8
[49/1556] multilogieval::multilogieval:d1_Data/fol/DD.json:8:9
[50/1556] multilogieval::multilogieval:d1_Data/fol/DD.json:9:10
[51/1556] multilogieval::multilogieval:d1_Data/fol/DMT.json:0:1
[52/1556] multilogieval::multilogieval:d1_Data/fol/DMT.json:1:2
[53/1556] multilogieval::multilogieval:d1_Data/fol/DMT.json:2:3
[54/1556] multilogieval::multilogieval:d1_Data/fol/DMT.json:3:4
[55/1556] multilogieval::multilogieval:d1_Data/fol/DMT.json:4:5
[56/1556] multilogieval::multilogieval:d1_Data/fol/DMT.json:5:6
[57/1556] multilogieval::multilogieval:d1_Data/fol/DMT.json:6:7
[58/1556] multilogieval::multilogieval:d1_Data/fol/DMT.json:7:8
[59/1556] multilogieval::multilogieval:d1_Data/fol/DMT.json:8:9
[60/1556] multilogieval::multilogieval:d1_Data/fol/DMT.json:9:10
[61/1556] multilogieval::multilogieval:d1_Data/fol/DS.json:0:1
[62/1556] multilogieval::multilogieval:d1_Data/fol/DS.json:1:2
[63/1556] multilogieval::multilogieval:d1_Data/fol/DS.json:2:3
[64/1556] multilogieval::multilogieval:d1_Data/fol/DS.json:3:4
[65/1556] multilogieval::multilogieval:d1_Data/fol/DS.json:4:5
[66/1556] multilogieval::multilogieval:d1_Data/fol/DS.json:5:6
[67/1556] multilogieval::multilogieval:d1_Data/fol/DS.json:6:7
[68/1556] multilogieval::multilogieval:d1_Data/fol/DS.json:7:8
[69/1556] multilogieval::multilogieval:d1_Data/fol/DS.json:8:9
[70/1556] multilogieval::multilogieval:d1_Data/fol/DS.json:9:10
[71/1556] multilogieval::multilogieval:d1_Data/fol/EG.json:0:1
[72/1556] multilogieval::multilogieval:d1_Data/fol/EG.json:1:2
[73/1556] multilogieval::multilogieval:d1_Data/fol/EG.json:2:3
[74/1556] multilogieval::multilogieval:d1_Data/fol/EG.json:3:4
[75/1556] multilogieval::multilogieval:d1_Data/fol/EG.json:4:5
[76/1556] multilogieval::multilogieval:d1_Data/fol/EG.json:5:6
[77/1556] multilogieval::multilogieval:d1_Data/fol/EG.json:6:7
[78/1556] multilogieval::multilogieval:d1_Data/fol/EG.json:7:8
[79/1556] multilogieval::multilogieval:d1_Data/fol/EG.json:8:9
[80/1556] multilogieval::multilogieval:d1_Data/fol/EG.json:9:10
[81/1556] multilogieval::multilogieval:d1_Data/fol/HS.json:0:1
[82/1556] multilogieval::multilogieval:d1_Data/fol/HS.json:1:2
[83/1556] multilogieval::multilogieval:d1_Data/fol/HS.json:2:3
[84/1556] multilogieval::multilogieval:d1_Data/fol/HS.json:3:4
[85/1556] multilogieval::multilogieval:d1_Data/fol/HS.json:4:5
[86/1556] multilogieval::multilogieval:d1_Data/fol/HS.json:5:6
[87/1556] multilogieval::multilogieval:d1_Data/fol/HS.json:6:7
[88/1556] multilogieval::multilogieval:d1_Data/fol/HS.json:7:8
[89/1556] multilogieval::multilogieval:d1_Data/fol/HS.json:8:9
[90/1556] multilogieval::multilogieval:d1_Data/fol/HS.json:9:10
[91/1556] multilogieval::multilogieval:d1_Data/fol/IM.json:0:1
[92/1556] multilogieval::multilogieval:d1_Data/fol/IM.json:1:2
[93/1556] multilogieval::multilogieval:d1_Data/fol/IM.json:2:3
[94/1556] multilogieval::multilogieval:d1_Data/fol/IM.json:3:4
[95/1556] multilogieval::multilogieval:d1_Data/fol/IM.json:4:5
[96/1556] multilogieval::multilogieval:d1_Data/fol/IM.json:5:6
[97/1556] multilogieval::multilogieval:d1_Data/fol/IM.json:6:7
[98/1556] multilogieval::multilogieval:d1_Data/fol/IM.json:7:8
[99/1556] multilogieval::multilogieval:d1_Data/fol/IM.json:8:9
[100/1556] multilogieval::multilogieval:d1_Data/fol/IM.json:9:10
[101/1556] multilogieval::multilogieval:d1_Data/fol/MP.json:0:1
[102/1556] multilogieval::multilogieval:d1_Data/fol/MP.json:1:2
[103/1556] multilogieval::multilogieval:d1_Data/fol/MP.json:2:3
[104/1556] multilogieval::multilogieval:d1_Data/fol/MP.json:3:4
[105/1556] multilogieval::multilogieval:d1_Data/fol/MP.json:4:5
[106/1556] multilogieval::multilogieval:d1_Data/fol/MP.json:5:6
[107/1556] multilogieval::multilogieval:d1_Data/fol/MP.json:6:7
[108/1556] multilogieval::multilogieval:d1_Data/fol/MP.json:7:8
[109/1556] multilogieval::multilogieval:d1_Data/fol/MP.json:8:9
[110/1556] multilogieval::multilogieval:d1_Data/fol/MP.json:9:10
[111/1556] multilogieval::multilogieval:d1_Data/fol/MT.json:0:1
[112/1556] multilogieval::multilogieval:d1_Data/fol/MT.json:1:2
[113/1556] multilogieval::multilogieval:d1_Data/fol/MT.json:2:3
[114/1556] multilogieval::multilogieval:d1_Data/fol/MT.json:3:4
[115/1556] multilogieval::multilogieval:d1_Data/fol/MT.json:4:5
[116/1556] multilogieval::multilogieval:d1_Data/fol/MT.json:5:6
[117/1556] multilogieval::multilogieval:d1_Data/fol/MT.json:6:7
[118/1556] multilogieval::multilogieval:d1_Data/fol/MT.json:7:8
[119/1556] multilogieval::multilogieval:d1_Data/fol/MT.json:8:9
[120/1556] multilogieval::multilogieval:d1_Data/fol/MT.json:9:10
[121/1556] multilogieval::multilogieval:d1_Data/fol/UI.json:0:1
[122/1556] multilogieval::multilogieval:d1_Data/fol/UI.json:1:2
[123/1556] multilogieval::multilogieval:d1_Data/fol/UI.json:2:3
[124/1556] multilogieval::multilogieval:d1_Data/fol/UI.json:3:4
[125/1556] multilogieval::multilogieval:d1_Data/fol/UI.json:4:5
[126/1556] multilogieval::multilogieval:d1_Data/fol/UI.json:5:6
[127/1556] multilogieval::multilogieval:d1_Data/fol/UI.json:6:7
[128/1556] multilogieval::multilogieval:d1_Data/fol/UI.json:7:8
[129/1556] multilogieval::multilogieval:d1_Data/fol/UI.json:8:9
[130/1556] multilogieval::multilogieval:d1_Data/fol/UI.json:9:10
[131/1556] multilogieval::multilogieval:d1_Data/nm/default_reasoning_default.json:0:1
[132/1556] multilogieval::multilogieval:d1_Data/nm/default_reasoning_default.json:1:2
[133/1556] multilogieval::multilogieval:d1_Data/nm/default_reasoning_default.json:2:3
[134/1556] multilogieval::multilogieval:d1_Data/nm/default_reasoning_default.json:3:4
[135/1556] multilogieval::multilogieval:d1_Data/nm/default_reasoning_default.json:4:5
[136/1556] multilogieval::multilogieval:d1_Data/nm/default_reasoning_default.json:5:6
[137/1556] multilogieval::multilogieval:d1_Data/nm/default_reasoning_default.json:6:7
[138/1556] multilogieval::multilogieval:d1_Data/nm/default_reasoning_default.json:7:8
[139/1556] multilogieval::multilogieval:d1_Data/nm/default_reasoning_default.json:8:9
[140/1556] multilogieval::multilogieval:d1_Data/nm/default_reasoning_default.json:9:10
[141/1556] multilogieval::multilogieval:d1_Data/nm/default_reasoning_default.json:10:11
[142/1556] multilogieval::multilogieval:d1_Data/nm/default_reasoning_default.json:11:12
[143/1556] multilogieval::multilogieval:d1_Data/nm/default_reasoning_default.json:12:13
[144/1556] multilogieval::multilogieval:d1_Data/nm/default_reasoning_default.json:13:14
[145/1556] multilogieval::multilogieval:d1_Data/nm/default_reasoning_default.json:14:15
[146/1556] multilogieval::multilogieval:d1_Data/nm/default_reasoning_default.json:15:16
[147/1556] multilogieval::multilogieval:d1_Data/nm/default_reasoning_default.json:16:17
[148/1556] multilogieval::multilogieval:d1_Data/nm/default_reasoning_default.json:17:18
[149/1556] multilogieval::multilogieval:d1_Data/nm/default_reasoning_default.json:18:19
[150/1556] multilogieval::multilogieval:d1_Data/nm/default_reasoning_default.json:19:20
[151/1556] multilogieval::multilogieval:d1_Data/nm/default_reasoning_irr.json:0:1
[152/1556] multilogieval::multilogieval:d1_Data/nm/default_reasoning_irr.json:1:2
[153/1556] multilogieval::multilogieval:d1_Data/nm/default_reasoning_irr.json:2:3
[154/1556] multilogieval::multilogieval:d1_Data/nm/default_reasoning_irr.json:3:4
[155/1556] multilogieval::multilogieval:d1_Data/nm/default_reasoning_irr.json:4:5
[156/1556] multilogieval::multilogieval:d1_Data/nm/default_reasoning_irr.json:5:6
[157/1556] multilogieval::multilogieval:d1_Data/nm/default_reasoning_irr.json:6:7
[158/1556] multilogieval::multilogieval:d1_Data/nm/default_reasoning_irr.json:7:8
[159/1556] multilogieval::multilogieval:d1_Data/nm/default_reasoning_irr.json:8:9
[160/1556] multilogieval::multilogieval:d1_Data/nm/default_reasoning_irr.json:9:10
[161/1556] multilogieval::multilogieval:d1_Data/nm/default_reasoning_irr.json:10:11
[162/1556] multilogieval::multilogieval:d1_Data/nm/default_reasoning_irr.json:11:12
[163/1556] multilogieval::multilogieval:d1_Data/nm/default_reasoning_irr.json:12:13
[164/1556] multilogieval::multilogieval:d1_Data/nm/default_reasoning_irr.json:13:14
[165/1556] multilogieval::multilogieval:d1_Data/nm/default_reasoning_irr.json:14:15
[166/1556] multilogieval::multilogieval:d1_Data/nm/default_reasoning_irr.json:15:16
[167/1556] multilogieval::multilogieval:d1_Data/nm/default_reasoning_irr.json:16:17
[168/1556] multilogieval::multilogieval:d1_Data/nm/default_reasoning_irr.json:17:18
[169/1556] multilogieval::multilogieval:d1_Data/nm/default_reasoning_irr.json:18:19
[170/1556] multilogieval::multilogieval:d1_Data/nm/default_reasoning_irr.json:19:20
[171/1556] multilogieval::multilogieval:d1_Data/nm/default_reasoning_open.json:0:1
[172/1556] multilogieval::multilogieval:d1_Data/nm/default_reasoning_open.json:1:2
[173/1556] multilogieval::multilogieval:d1_Data/nm/default_reasoning_open.json:2:3
[174/1556] multilogieval::multilogieval:d1_Data/nm/default_reasoning_open.json:3:4
[175/1556] multilogieval::multilogieval:d1_Data/nm/default_reasoning_open.json:4:5
[176/1556] multilogieval::multilogieval:d1_Data/nm/default_reasoning_open.json:5:6
[177/1556] multilogieval::multilogieval:d1_Data/nm/default_reasoning_open.json:6:7
[178/1556] multilogieval::multilogieval:d1_Data/nm/default_reasoning_open.json:7:8
[179/1556] multilogieval::multilogieval:d1_Data/nm/default_reasoning_open.json:8:9
[180/1556] multilogieval::multilogieval:d1_Data/nm/default_reasoning_open.json:9:10
[181/1556] multilogieval::multilogieval:d1_Data/nm/default_reasoning_open.json:10:11
[182/1556] multilogieval::multilogieval:d1_Data/nm/default_reasoning_open.json:11:12
[183/1556] multilogieval::multilogieval:d1_Data/nm/default_reasoning_open.json:12:13
[184/1556] multilogieval::multilogieval:d1_Data/nm/default_reasoning_open.json:13:14
[185/1556] multilogieval::multilogieval:d1_Data/nm/default_reasoning_open.json:14:15
[186/1556] multilogieval::multilogieval:d1_Data/nm/default_reasoning_open.json:15:16
[187/1556] multilogieval::multilogieval:d1_Data/nm/default_reasoning_open.json:16:17
[188/1556] multilogieval::multilogieval:d1_Data/nm/default_reasoning_open.json:17:18
[189/1556] multilogieval::multilogieval:d1_Data/nm/default_reasoning_open.json:18:19
[190/1556] multilogieval::multilogieval:d1_Data/nm/default_reasoning_open.json:19:20
[191/1556] multilogieval::multilogieval:d1_Data/nm/default_reasoning_several.json:0:1
[192/1556] multilogieval::multilogieval:d1_Data/nm/default_reasoning_several.json:1:2
[193/1556] multilogieval::multilogieval:d1_Data/nm/default_reasoning_several.json:2:3
[194/1556] multilogieval::multilogieval:d1_Data/nm/default_reasoning_several.json:3:4
[195/1556] multilogieval::multilogieval:d1_Data/nm/default_reasoning_several.json:4:5
[196/1556] multilogieval::multilogieval:d1_Data/nm/default_reasoning_several.json:5:6
[197/1556] multilogieval::multilogieval:d1_Data/nm/default_reasoning_several.json:6:7
[198/1556] multilogieval::multilogieval:d1_Data/nm/default_reasoning_several.json:7:8
[199/1556] multilogieval::multilogieval:d1_Data/nm/default_reasoning_several.json:8:9
[200/1556] multilogieval::multilogieval:d1_Data/nm/default_reasoning_several.json:9:10
[201/1556] multilogieval::multilogieval:d1_Data/nm/default_reasoning_several.json:10:11
[202/1556] multilogieval::multilogieval:d1_Data/nm/default_reasoning_several.json:11:12
[203/1556] multilogieval::multilogieval:d1_Data/nm/default_reasoning_several.json:12:13
[204/1556] multilogieval::multilogieval:d1_Data/nm/default_reasoning_several.json:13:14
[205/1556] multilogieval::multilogieval:d1_Data/nm/default_reasoning_several.json:14:15
[206/1556] multilogieval::multilogieval:d1_Data/nm/default_reasoning_several.json:15:16
[207/1556] multilogieval::multilogieval:d1_Data/nm/default_reasoning_several.json:16:17
[208/1556] multilogieval::multilogieval:d1_Data/nm/default_reasoning_several.json:17:18
[209/1556] multilogieval::multilogieval:d1_Data/nm/default_reasoning_several.json:18:19
[210/1556] multilogieval::multilogieval:d1_Data/nm/default_reasoning_several.json:19:20
[211/1556] multilogieval::multilogieval:d1_Data/nm/reasoning_about_exceptions_1.json:0:1
[212/1556] multilogieval::multilogieval:d1_Data/nm/reasoning_about_exceptions_1.json:1:2
[213/1556] multilogieval::multilogieval:d1_Data/nm/reasoning_about_exceptions_1.json:2:3
[214/1556] multilogieval::multilogieval:d1_Data/nm/reasoning_about_exceptions_1.json:3:4
[215/1556] multilogieval::multilogieval:d1_Data/nm/reasoning_about_exceptions_1.json:4:5
[216/1556] multilogieval::multilogieval:d1_Data/nm/reasoning_about_exceptions_1.json:5:6
[217/1556] multilogieval::multilogieval:d1_Data/nm/reasoning_about_exceptions_1.json:6:7
[218/1556] multilogieval::multilogieval:d1_Data/nm/reasoning_about_exceptions_1.json:7:8
[219/1556] multilogieval::multilogieval:d1_Data/nm/reasoning_about_exceptions_1.json:8:9
[220/1556] multilogieval::multilogieval:d1_Data/nm/reasoning_about_exceptions_1.json:9:10
[221/1556] multilogieval::multilogieval:d1_Data/nm/reasoning_about_exceptions_1.json:10:11
[222/1556] multilogieval::multilogieval:d1_Data/nm/reasoning_about_exceptions_1.json:11:12
[223/1556] multilogieval::multilogieval:d1_Data/nm/reasoning_about_exceptions_1.json:12:13
[224/1556] multilogieval::multilogieval:d1_Data/nm/reasoning_about_exceptions_1.json:13:14
[225/1556] multilogieval::multilogieval:d1_Data/nm/reasoning_about_exceptions_1.json:14:15
[226/1556] multilogieval::multilogieval:d1_Data/nm/reasoning_about_exceptions_1.json:15:16
[227/1556] multilogieval::multilogieval:d1_Data/nm/reasoning_about_exceptions_1.json:16:17
[228/1556] multilogieval::multilogieval:d1_Data/nm/reasoning_about_exceptions_1.json:17:18
[229/1556] multilogieval::multilogieval:d1_Data/nm/reasoning_about_exceptions_1.json:18:19
[230/1556] multilogieval::multilogieval:d1_Data/nm/reasoning_about_exceptions_1.json:19:20
[231/1556] multilogieval::multilogieval:d1_Data/nm/reasoning_about_exceptions_2.json:0:1
[232/1556] multilogieval::multilogieval:d1_Data/nm/reasoning_about_exceptions_2.json:1:2
[233/1556] multilogieval::multilogieval:d1_Data/nm/reasoning_about_exceptions_2.json:2:3
[234/1556] multilogieval::multilogieval:d1_Data/nm/reasoning_about_exceptions_2.json:3:4
[235/1556] multilogieval::multilogieval:d1_Data/nm/reasoning_about_exceptions_2.json:4:5
[236/1556] multilogieval::multilogieval:d1_Data/nm/reasoning_about_exceptions_2.json:5:6
[237/1556] multilogieval::multilogieval:d1_Data/nm/reasoning_about_exceptions_2.json:6:7
[238/1556] multilogieval::multilogieval:d1_Data/nm/reasoning_about_exceptions_2.json:7:8
[239/1556] multilogieval::multilogieval:d1_Data/nm/reasoning_about_exceptions_2.json:8:9
[240/1556] multilogieval::multilogieval:d1_Data/nm/reasoning_about_exceptions_2.json:9:10
[241/1556] multilogieval::multilogieval:d1_Data/nm/reasoning_about_exceptions_2.json:10:11
[242/1556] multilogieval::multilogieval:d1_Data/nm/reasoning_about_exceptions_2.json:11:12
[243/1556] multilogieval::multilogieval:d1_Data/nm/reasoning_about_exceptions_2.json:12:13
[244/1556] multilogieval::multilogieval:d1_Data/nm/reasoning_about_exceptions_2.json:13:14
[245/1556] multilogieval::multilogieval:d1_Data/nm/reasoning_about_exceptions_2.json:14:15
[246/1556] multilogieval::multilogieval:d1_Data/nm/reasoning_about_exceptions_2.json:15:16
[247/1556] multilogieval::multilogieval:d1_Data/nm/reasoning_about_exceptions_2.json:16:17
[248/1556] multilogieval::multilogieval:d1_Data/nm/reasoning_about_exceptions_2.json:17:18
[249/1556] multilogieval::multilogieval:d1_Data/nm/reasoning_about_exceptions_2.json:18:19
[250/1556] multilogieval::multilogieval:d1_Data/nm/reasoning_about_exceptions_2.json:19:20
[251/1556] multilogieval::multilogieval:d1_Data/nm/reasoning_about_exceptions_3.json:0:1
[252/1556] multilogieval::multilogieval:d1_Data/nm/reasoning_about_exceptions_3.json:1:2
[253/1556] multilogieval::multilogieval:d1_Data/nm/reasoning_about_exceptions_3.json:2:3
[254/1556] multilogieval::multilogieval:d1_Data/nm/reasoning_about_exceptions_3.json:3:4
[255/1556] multilogieval::multilogieval:d1_Data/nm/reasoning_about_exceptions_3.json:4:5
[256/1556] multilogieval::multilogieval:d1_Data/nm/reasoning_about_exceptions_3.json:5:6
[257/1556] multilogieval::multilogieval:d1_Data/nm/reasoning_about_exceptions_3.json:6:7
[258/1556] multilogieval::multilogieval:d1_Data/nm/reasoning_about_exceptions_3.json:7:8
[259/1556] multilogieval::multilogieval:d1_Data/nm/reasoning_about_exceptions_3.json:8:9
[260/1556] multilogieval::multilogieval:d1_Data/nm/reasoning_about_exceptions_3.json:9:10
[261/1556] multilogieval::multilogieval:d1_Data/nm/reasoning_about_exceptions_3.json:10:11
[262/1556] multilogieval::multilogieval:d1_Data/nm/reasoning_about_exceptions_3.json:11:12
[263/1556] multilogieval::multilogieval:d1_Data/nm/reasoning_about_exceptions_3.json:12:13
[264/1556] multilogieval::multilogieval:d1_Data/nm/reasoning_about_exceptions_3.json:13:14
[265/1556] multilogieval::multilogieval:d1_Data/nm/reasoning_about_exceptions_3.json:14:15
[266/1556] multilogieval::multilogieval:d1_Data/nm/reasoning_about_exceptions_3.json:15:16
[267/1556] multilogieval::multilogieval:d1_Data/nm/reasoning_about_exceptions_3.json:16:17
[268/1556] multilogieval::multilogieval:d1_Data/nm/reasoning_about_exceptions_3.json:17:18
[269/1556] multilogieval::multilogieval:d1_Data/nm/reasoning_about_exceptions_3.json:18:19
[270/1556] multilogieval::multilogieval:d1_Data/nm/reasoning_about_exceptions_3.json:19:20
[271/1556] multilogieval::multilogieval:d1_Data/nm/reasoning_about_priority.json:0:1
[272/1556] multilogieval::multilogieval:d1_Data/nm/reasoning_about_priority.json:1:2
[273/1556] multilogieval::multilogieval:d1_Data/nm/reasoning_about_priority.json:2:3
[274/1556] multilogieval::multilogieval:d1_Data/nm/reasoning_about_priority.json:3:4
[275/1556] multilogieval::multilogieval:d1_Data/nm/reasoning_about_priority.json:4:5
[276/1556] multilogieval::multilogieval:d1_Data/nm/reasoning_about_priority.json:5:6
[277/1556] multilogieval::multilogieval:d1_Data/nm/reasoning_about_priority.json:6:7
[278/1556] multilogieval::multilogieval:d1_Data/nm/reasoning_about_priority.json:7:8
[279/1556] multilogieval::multilogieval:d1_Data/nm/reasoning_about_priority.json:8:9
[280/1556] multilogieval::multilogieval:d1_Data/nm/reasoning_about_priority.json:9:10
[281/1556] multilogieval::multilogieval:d1_Data/nm/reasoning_about_priority.json:10:11
[282/1556] multilogieval::multilogieval:d1_Data/nm/reasoning_about_priority.json:11:12
[283/1556] multilogieval::multilogieval:d1_Data/nm/reasoning_about_priority.json:12:13
[284/1556] multilogieval::multilogieval:d1_Data/nm/reasoning_about_priority.json:13:14
[285/1556] multilogieval::multilogieval:d1_Data/nm/reasoning_about_priority.json:14:15
[286/1556] multilogieval::multilogieval:d1_Data/nm/reasoning_about_priority.json:15:16
[287/1556] multilogieval::multilogieval:d1_Data/nm/reasoning_about_priority.json:16:17
[288/1556] multilogieval::multilogieval:d1_Data/nm/reasoning_about_priority.json:17:18
[289/1556] multilogieval::multilogieval:d1_Data/nm/reasoning_about_priority.json:18:19
[290/1556] multilogieval::multilogieval:d1_Data/nm/reasoning_about_priority.json:19:20
[291/1556] multilogieval::multilogieval:d1_Data/pl/BD.json:0:1
[292/1556] multilogieval::multilogieval:d1_Data/pl/BD.json:1:2
[293/1556] multilogieval::multilogieval:d1_Data/pl/BD.json:2:3
[294/1556] multilogieval::multilogieval:d1_Data/pl/BD.json:3:4
[295/1556] multilogieval::multilogieval:d1_Data/pl/BD.json:4:5
[296/1556] multilogieval::multilogieval:d1_Data/pl/BD.json:5:6
[297/1556] multilogieval::multilogieval:d1_Data/pl/BD.json:6:7
[298/1556] multilogieval::multilogieval:d1_Data/pl/BD.json:7:8
[299/1556] multilogieval::multilogieval:d1_Data/pl/BD.json:8:9
[300/1556] multilogieval::multilogieval:d1_Data/pl/BD.json:9:10
[301/1556] multilogieval::multilogieval:d1_Data/pl/CD.json:0:1
[302/1556] multilogieval::multilogieval:d1_Data/pl/CD.json:1:2
[303/1556] multilogieval::multilogieval:d1_Data/pl/CD.json:2:3
[304/1556] multilogieval::multilogieval:d1_Data/pl/CD.json:3:4
[305/1556] multilogieval::multilogieval:d1_Data/pl/CD.json:4:5
[306/1556] multilogieval::multilogieval:d1_Data/pl/CD.json:5:6
[307/1556] multilogieval::multilogieval:d1_Data/pl/CD.json:6:7
[308/1556] multilogieval::multilogieval:d1_Data/pl/CD.json:7:8
[309/1556] multilogieval::multilogieval:d1_Data/pl/CD.json:8:9
[310/1556] multilogieval::multilogieval:d1_Data/pl/CD.json:9:10
[311/1556] multilogieval::multilogieval:d1_Data/pl/CO.json:0:1
[312/1556] multilogieval::multilogieval:d1_Data/pl/CO.json:1:2
[313/1556] multilogieval::multilogieval:d1_Data/pl/CO.json:2:3
[314/1556] multilogieval::multilogieval:d1_Data/pl/CO.json:3:4
[315/1556] multilogieval::multilogieval:d1_Data/pl/CO.json:4:5
[316/1556] multilogieval::multilogieval:d1_Data/pl/CO.json:5:6
[317/1556] multilogieval::multilogieval:d1_Data/pl/CO.json:6:7
[318/1556] multilogieval::multilogieval:d1_Data/pl/CO.json:7:8
[319/1556] multilogieval::multilogieval:d1_Data/pl/CO.json:8:9
[320/1556] multilogieval::multilogieval:d1_Data/pl/CO.json:9:10
[321/1556] multilogieval::multilogieval:d1_Data/pl/CT.json:0:1
[322/1556] multilogieval::multilogieval:d1_Data/pl/CT.json:1:2
[323/1556] multilogieval::multilogieval:d1_Data/pl/CT.json:2:3
[324/1556] multilogieval::multilogieval:d1_Data/pl/CT.json:3:4
[325/1556] multilogieval::multilogieval:d1_Data/pl/CT.json:4:5
[326/1556] multilogieval::multilogieval:d1_Data/pl/CT.json:5:6
[327/1556] multilogieval::multilogieval:d1_Data/pl/CT.json:6:7
[328/1556] multilogieval::multilogieval:d1_Data/pl/CT.json:7:8
[329/1556] multilogieval::multilogieval:d1_Data/pl/CT.json:8:9
[330/1556] multilogieval::multilogieval:d1_Data/pl/CT.json:9:10
[331/1556] multilogieval::multilogieval:d1_Data/pl/DD.json:0:1
[332/1556] multilogieval::multilogieval:d1_Data/pl/DD.json:1:2
[333/1556] multilogieval::multilogieval:d1_Data/pl/DD.json:2:3
[334/1556] multilogieval::multilogieval:d1_Data/pl/DD.json:3:4
[335/1556] multilogieval::multilogieval:d1_Data/pl/DD.json:4:5
[336/1556] multilogieval::multilogieval:d1_Data/pl/DD.json:5:6
[337/1556] multilogieval::multilogieval:d1_Data/pl/DD.json:6:7
[338/1556] multilogieval::multilogieval:d1_Data/pl/DD.json:7:8
[339/1556] multilogieval::multilogieval:d1_Data/pl/DD.json:8:9
[340/1556] multilogieval::multilogieval:d1_Data/pl/DD.json:9:10
[341/1556] multilogieval::multilogieval:d1_Data/pl/DMT.json:0:1
[342/1556] multilogieval::multilogieval:d1_Data/pl/DMT.json:1:2
[343/1556] multilogieval::multilogieval:d1_Data/pl/DMT.json:2:3
[344/1556] multilogieval::multilogieval:d1_Data/pl/DMT.json:3:4
[345/1556] multilogieval::multilogieval:d1_Data/pl/DMT.json:4:5
[346/1556] multilogieval::multilogieval:d1_Data/pl/DMT.json:5:6
[347/1556] multilogieval::multilogieval:d1_Data/pl/DMT.json:6:7
[348/1556] multilogieval::multilogieval:d1_Data/pl/DMT.json:7:8
[349/1556] multilogieval::multilogieval:d1_Data/pl/DMT.json:8:9
[350/1556] multilogieval::multilogieval:d1_Data/pl/DMT.json:9:10
[351/1556] multilogieval::multilogieval:d1_Data/pl/DS.json:0:1
[352/1556] multilogieval::multilogieval:d1_Data/pl/DS.json:1:2
[353/1556] multilogieval::multilogieval:d1_Data/pl/DS.json:2:3
[354/1556] multilogieval::multilogieval:d1_Data/pl/DS.json:3:4
[355/1556] multilogieval::multilogieval:d1_Data/pl/DS.json:4:5
[356/1556] multilogieval::multilogieval:d1_Data/pl/DS.json:5:6
[357/1556] multilogieval::multilogieval:d1_Data/pl/DS.json:6:7
[358/1556] multilogieval::multilogieval:d1_Data/pl/DS.json:7:8
[359/1556] multilogieval::multilogieval:d1_Data/pl/DS.json:8:9
[360/1556] multilogieval::multilogieval:d1_Data/pl/DS.json:9:10
[361/1556] multilogieval::multilogieval:d1_Data/pl/HS.json:0:1
[362/1556] multilogieval::multilogieval:d1_Data/pl/HS.json:1:2
[363/1556] multilogieval::multilogieval:d1_Data/pl/HS.json:2:3
[364/1556] multilogieval::multilogieval:d1_Data/pl/HS.json:3:4
[365/1556] multilogieval::multilogieval:d1_Data/pl/HS.json:4:5
[366/1556] multilogieval::multilogieval:d1_Data/pl/HS.json:5:6
[367/1556] multilogieval::multilogieval:d1_Data/pl/HS.json:6:7
[368/1556] multilogieval::multilogieval:d1_Data/pl/HS.json:7:8
[369/1556] multilogieval::multilogieval:d1_Data/pl/HS.json:8:9
[370/1556] multilogieval::multilogieval:d1_Data/pl/HS.json:9:10
[371/1556] multilogieval::multilogieval:d1_Data/pl/IM.json:0:1
[372/1556] multilogieval::multilogieval:d1_Data/pl/IM.json:1:2
[373/1556] multilogieval::multilogieval:d1_Data/pl/IM.json:2:3
[374/1556] multilogieval::multilogieval:d1_Data/pl/IM.json:3:4
[375/1556] multilogieval::multilogieval:d1_Data/pl/IM.json:4:5
[376/1556] multilogieval::multilogieval:d1_Data/pl/IM.json:5:6
[377/1556] multilogieval::multilogieval:d1_Data/pl/IM.json:6:7
[378/1556] multilogieval::multilogieval:d1_Data/pl/IM.json:7:8
[379/1556] multilogieval::multilogieval:d1_Data/pl/IM.json:8:9
[380/1556] multilogieval::multilogieval:d1_Data/pl/IM.json:9:10
[381/1556] multilogieval::multilogieval:d1_Data/pl/MI.json:0:1
[382/1556] multilogieval::multilogieval:d1_Data/pl/MI.json:1:2
[383/1556] multilogieval::multilogieval:d1_Data/pl/MI.json:2:3
[384/1556] multilogieval::multilogieval:d1_Data/pl/MI.json:3:4
[385/1556] multilogieval::multilogieval:d1_Data/pl/MI.json:4:5
[386/1556] multilogieval::multilogieval:d1_Data/pl/MI.json:5:6
[387/1556] multilogieval::multilogieval:d1_Data/pl/MI.json:6:7
[388/1556] multilogieval::multilogieval:d1_Data/pl/MI.json:7:8
[389/1556] multilogieval::multilogieval:d1_Data/pl/MI.json:8:9
[390/1556] multilogieval::multilogieval:d1_Data/pl/MI.json:9:10
[391/1556] multilogieval::multilogieval:d1_Data/pl/MP.json:0:1
[392/1556] multilogieval::multilogieval:d1_Data/pl/MP.json:1:2
[393/1556] multilogieval::multilogieval:d1_Data/pl/MP.json:2:3
[394/1556] multilogieval::multilogieval:d1_Data/pl/MP.json:3:4
[395/1556] multilogieval::multilogieval:d1_Data/pl/MP.json:4:5
[396/1556] multilogieval::multilogieval:d1_Data/pl/MP.json:5:6
[397/1556] multilogieval::multilogieval:d1_Data/pl/MP.json:6:7
[398/1556] multilogieval::multilogieval:d1_Data/pl/MP.json:7:8
[399/1556] multilogieval::multilogieval:d1_Data/pl/MP.json:8:9
[400/1556] multilogieval::multilogieval:d1_Data/pl/MP.json:9:10
[401/1556] multilogieval::multilogieval:d1_Data/pl/MT.json:0:1
[402/1556] multilogieval::multilogieval:d1_Data/pl/MT.json:1:2
[403/1556] multilogieval::multilogieval:d1_Data/pl/MT.json:2:3
[404/1556] multilogieval::multilogieval:d1_Data/pl/MT.json:3:4
[405/1556] multilogieval::multilogieval:d1_Data/pl/MT.json:4:5
[406/1556] multilogieval::multilogieval:d1_Data/pl/MT.json:5:6
[407/1556] multilogieval::multilogieval:d1_Data/pl/MT.json:6:7
[408/1556] multilogieval::multilogieval:d1_Data/pl/MT.json:7:8
[409/1556] multilogieval::multilogieval:d1_Data/pl/MT.json:8:9
[410/1556] multilogieval::multilogieval:d1_Data/pl/MT.json:9:10
[411/1556] multilogieval::multilogieval:d2_Data/fol/BD_DS.json:0:1
[412/1556] multilogieval::multilogieval:d2_Data/fol/BD_DS.json:1:2
[413/1556] multilogieval::multilogieval:d2_Data/fol/BD_DS.json:2:3
[414/1556] multilogieval::multilogieval:d2_Data/fol/BD_DS.json:3:4
[415/1556] multilogieval::multilogieval:d2_Data/fol/BD_DS.json:4:5
[416/1556] multilogieval::multilogieval:d2_Data/fol/BD_DS.json:5:6
[417/1556] multilogieval::multilogieval:d2_Data/fol/BD_DS.json:6:7
[418/1556] multilogieval::multilogieval:d2_Data/fol/BD_DS.json:7:8
[419/1556] multilogieval::multilogieval:d2_Data/fol/BD_DS.json:8:9
[420/1556] multilogieval::multilogieval:d2_Data/fol/BD_DS.json:9:10
[421/1556] multilogieval::multilogieval:d2_Data/fol/BD_DS.json:10:11
[422/1556] multilogieval::multilogieval:d2_Data/fol/BD_DS.json:11:12
[423/1556] multilogieval::multilogieval:d2_Data/fol/BD_DS.json:12:13
[424/1556] multilogieval::multilogieval:d2_Data/fol/BD_DS.json:13:14
[425/1556] multilogieval::multilogieval:d2_Data/fol/BD_DS.json:14:15
[426/1556] multilogieval::multilogieval:d2_Data/fol/CD_DS.json:0:1
[427/1556] multilogieval::multilogieval:d2_Data/fol/CD_DS.json:1:2
[428/1556] multilogieval::multilogieval:d2_Data/fol/CD_DS.json:2:3
[429/1556] multilogieval::multilogieval:d2_Data/fol/CD_DS.json:3:4
[430/1556] multilogieval::multilogieval:d2_Data/fol/CD_DS.json:4:5
[431/1556] multilogieval::multilogieval:d2_Data/fol/CD_DS.json:5:6
[432/1556] multilogieval::multilogieval:d2_Data/fol/CD_DS.json:6:7
[433/1556] multilogieval::multilogieval:d2_Data/fol/CD_DS.json:7:8
[434/1556] multilogieval::multilogieval:d2_Data/fol/CD_DS.json:8:9
[435/1556] multilogieval::multilogieval:d2_Data/fol/CD_DS.json:9:10
[436/1556] multilogieval::multilogieval:d2_Data/fol/CD_DS.json:10:11
[437/1556] multilogieval::multilogieval:d2_Data/fol/CD_DS.json:11:12
[438/1556] multilogieval::multilogieval:d2_Data/fol/CD_DS.json:12:13
[439/1556] multilogieval::multilogieval:d2_Data/fol/CD_DS.json:13:14
[440/1556] multilogieval::multilogieval:d2_Data/fol/CD_DS.json:14:15
[441/1556] multilogieval::multilogieval:d2_Data/fol/DD_DS.json:0:1
[442/1556] multilogieval::multilogieval:d2_Data/fol/DD_DS.json:1:2
[443/1556] multilogieval::multilogieval:d2_Data/fol/DD_DS.json:2:3
[444/1556] multilogieval::multilogieval:d2_Data/fol/DD_DS.json:3:4
[445/1556] multilogieval::multilogieval:d2_Data/fol/DD_DS.json:4:5
[446/1556] multilogieval::multilogieval:d2_Data/fol/DD_DS.json:5:6
[447/1556] multilogieval::multilogieval:d2_Data/fol/DD_DS.json:6:7
[448/1556] multilogieval::multilogieval:d2_Data/fol/DD_DS.json:7:8
[449/1556] multilogieval::multilogieval:d2_Data/fol/DD_DS.json:8:9
[450/1556] multilogieval::multilogieval:d2_Data/fol/DD_DS.json:9:10
[451/1556] multilogieval::multilogieval:d2_Data/fol/DD_DS.json:10:11
[452/1556] multilogieval::multilogieval:d2_Data/fol/DD_DS.json:11:12
[453/1556] multilogieval::multilogieval:d2_Data/fol/DD_DS.json:12:13
[454/1556] multilogieval::multilogieval:d2_Data/fol/DD_DS.json:13:14
[455/1556] multilogieval::multilogieval:d2_Data/fol/DD_DS.json:14:15
[456/1556] multilogieval::multilogieval:d2_Data/fol/DS_MP.json:0:1
[457/1556] multilogieval::multilogieval:d2_Data/fol/DS_MP.json:1:2
[458/1556] multilogieval::multilogieval:d2_Data/fol/DS_MP.json:2:3
[459/1556] multilogieval::multilogieval:d2_Data/fol/DS_MP.json:3:4
[460/1556] multilogieval::multilogieval:d2_Data/fol/DS_MP.json:4:5
[461/1556] multilogieval::multilogieval:d2_Data/fol/DS_MP.json:5:6
[462/1556] multilogieval::multilogieval:d2_Data/fol/DS_MP.json:6:7
[463/1556] multilogieval::multilogieval:d2_Data/fol/DS_MP.json:7:8
[464/1556] multilogieval::multilogieval:d2_Data/fol/DS_MP.json:8:9
[465/1556] multilogieval::multilogieval:d2_Data/fol/DS_MP.json:9:10
[466/1556] multilogieval::multilogieval:d2_Data/fol/DS_MP.json:10:11
[467/1556] multilogieval::multilogieval:d2_Data/fol/DS_MP.json:11:12
[468/1556] multilogieval::multilogieval:d2_Data/fol/DS_MP.json:12:13
[469/1556] multilogieval::multilogieval:d2_Data/fol/DS_MP.json:13:14
[470/1556] multilogieval::multilogieval:d2_Data/fol/DS_MP.json:14:15
[471/1556] multilogieval::multilogieval:d2_Data/fol/HS_MP.json:0:1
[472/1556] multilogieval::multilogieval:d2_Data/fol/HS_MP.json:1:2
[473/1556] multilogieval::multilogieval:d2_Data/fol/HS_MP.json:2:3
[474/1556] multilogieval::multilogieval:d2_Data/fol/HS_MP.json:3:4
[475/1556] multilogieval::multilogieval:d2_Data/fol/HS_MP.json:4:5
[476/1556] multilogieval::multilogieval:d2_Data/fol/HS_MP.json:5:6
[477/1556] multilogieval::multilogieval:d2_Data/fol/HS_MP.json:6:7
[478/1556] multilogieval::multilogieval:d2_Data/fol/HS_MP.json:7:8
[479/1556] multilogieval::multilogieval:d2_Data/fol/HS_MP.json:8:9
[480/1556] multilogieval::multilogieval:d2_Data/fol/HS_MP.json:9:10
[481/1556] multilogieval::multilogieval:d2_Data/fol/HS_MP.json:10:11
[482/1556] multilogieval::multilogieval:d2_Data/fol/HS_MP.json:11:12
[483/1556] multilogieval::multilogieval:d2_Data/fol/HS_MP.json:12:13
[484/1556] multilogieval::multilogieval:d2_Data/fol/HS_MP.json:13:14
[485/1556] multilogieval::multilogieval:d2_Data/fol/HS_MP.json:14:15
[486/1556] multilogieval::multilogieval:d2_Data/fol/HS_MT.json:0:1
[487/1556] multilogieval::multilogieval:d2_Data/fol/HS_MT.json:1:2
[488/1556] multilogieval::multilogieval:d2_Data/fol/HS_MT.json:2:3
[489/1556] multilogieval::multilogieval:d2_Data/fol/HS_MT.json:3:4
[490/1556] multilogieval::multilogieval:d2_Data/fol/HS_MT.json:4:5
[491/1556] multilogieval::multilogieval:d2_Data/fol/HS_MT.json:5:6
[492/1556] multilogieval::multilogieval:d2_Data/fol/HS_MT.json:6:7
[493/1556] multilogieval::multilogieval:d2_Data/fol/HS_MT.json:7:8
[494/1556] multilogieval::multilogieval:d2_Data/fol/HS_MT.json:8:9
[495/1556] multilogieval::multilogieval:d2_Data/fol/HS_MT.json:9:10
[496/1556] multilogieval::multilogieval:d2_Data/fol/HS_MT.json:10:11
[497/1556] multilogieval::multilogieval:d2_Data/fol/HS_MT.json:11:12
[498/1556] multilogieval::multilogieval:d2_Data/fol/HS_MT.json:12:13
[499/1556] multilogieval::multilogieval:d2_Data/fol/HS_MT.json:13:14
[500/1556] multilogieval::multilogieval:d2_Data/fol/HS_MT.json:14:15
[501/1556] multilogieval::multilogieval:d2_Data/fol/MT_DS.json:0:1
[502/1556] multilogieval::multilogieval:d2_Data/fol/MT_DS.json:1:2
[503/1556] multilogieval::multilogieval:d2_Data/fol/MT_DS.json:2:3
[504/1556] multilogieval::multilogieval:d2_Data/fol/MT_DS.json:3:4
[505/1556] multilogieval::multilogieval:d2_Data/fol/MT_DS.json:4:5
[506/1556] multilogieval::multilogieval:d2_Data/fol/MT_DS.json:5:6
[507/1556] multilogieval::multilogieval:d2_Data/fol/MT_DS.json:6:7
[508/1556] multilogieval::multilogieval:d2_Data/fol/MT_DS.json:7:8
[509/1556] multilogieval::multilogieval:d2_Data/fol/MT_DS.json:8:9
[510/1556] multilogieval::multilogieval:d2_Data/fol/MT_DS.json:9:10
[511/1556] multilogieval::multilogieval:d2_Data/fol/MT_DS.json:10:11
[512/1556] multilogieval::multilogieval:d2_Data/fol/MT_DS.json:11:12
[513/1556] multilogieval::multilogieval:d2_Data/fol/MT_DS.json:12:13
[514/1556] multilogieval::multilogieval:d2_Data/fol/MT_DS.json:13:14
[515/1556] multilogieval::multilogieval:d2_Data/fol/MT_DS.json:14:15
[516/1556] multilogieval::multilogieval:d2_Data/nm/BDR_MP.json:0:1
[517/1556] multilogieval::multilogieval:d2_Data/nm/BDR_MP.json:1:2
[518/1556] multilogieval::multilogieval:d2_Data/nm/BDR_MP.json:2:3
[519/1556] multilogieval::multilogieval:d2_Data/nm/BDR_MP.json:3:4
[520/1556] multilogieval::multilogieval:d2_Data/nm/BDR_MP.json:4:5
[521/1556] multilogieval::multilogieval:d2_Data/nm/BDR_MP.json:5:6
[522/1556] multilogieval::multilogieval:d2_Data/nm/BDR_MP.json:6:7
[523/1556] multilogieval::multilogieval:d2_Data/nm/BDR_MP.json:7:8
[524/1556] multilogieval::multilogieval:d2_Data/nm/BDR_MP.json:8:9
[525/1556] multilogieval::multilogieval:d2_Data/nm/BDR_MP.json:9:10
[526/1556] multilogieval::multilogieval:d2_Data/nm/BDR_MP.json:10:11
[527/1556] multilogieval::multilogieval:d2_Data/nm/BDR_MP.json:11:12
[528/1556] multilogieval::multilogieval:d2_Data/nm/BDR_MP.json:12:13
[529/1556] multilogieval::multilogieval:d2_Data/nm/BDR_MP.json:13:14
[530/1556] multilogieval::multilogieval:d2_Data/nm/BDR_MP.json:14:15
[531/1556] multilogieval::multilogieval:d2_Data/nm/BDR_MP.json:15:16
[532/1556] multilogieval::multilogieval:d2_Data/nm/BDR_MP.json:16:17
[533/1556] multilogieval::multilogieval:d2_Data/nm/BDR_MP.json:17:18
[534/1556] multilogieval::multilogieval:d2_Data/nm/BDR_MP.json:18:19
[535/1556] multilogieval::multilogieval:d2_Data/nm/BDR_MP.json:19:20
[536/1556] multilogieval::multilogieval:d2_Data/nm/BDR_MT.json:0:1
[537/1556] multilogieval::multilogieval:d2_Data/nm/BDR_MT.json:1:2
[538/1556] multilogieval::multilogieval:d2_Data/nm/BDR_MT.json:2:3
[539/1556] multilogieval::multilogieval:d2_Data/nm/BDR_MT.json:3:4
[540/1556] multilogieval::multilogieval:d2_Data/nm/BDR_MT.json:4:5
[541/1556] multilogieval::multilogieval:d2_Data/nm/BDR_MT.json:5:6
[542/1556] multilogieval::multilogieval:d2_Data/nm/BDR_MT.json:6:7
[543/1556] multilogieval::multilogieval:d2_Data/nm/BDR_MT.json:7:8
[544/1556] multilogieval::multilogieval:d2_Data/nm/BDR_MT.json:8:9
[545/1556] multilogieval::multilogieval:d2_Data/nm/BDR_MT.json:9:10
[546/1556] multilogieval::multilogieval:d2_Data/nm/BDR_MT.json:10:11
[547/1556] multilogieval::multilogieval:d2_Data/nm/BDR_MT.json:11:12
[548/1556] multilogieval::multilogieval:d2_Data/nm/BDR_MT.json:12:13
[549/1556] multilogieval::multilogieval:d2_Data/nm/BDR_MT.json:13:14
[550/1556] multilogieval::multilogieval:d2_Data/nm/BDR_MT.json:14:15
[551/1556] multilogieval::multilogieval:d2_Data/nm/BDR_MT.json:15:16
[552/1556] multilogieval::multilogieval:d2_Data/nm/BDR_MT.json:16:17
[553/1556] multilogieval::multilogieval:d2_Data/nm/BDR_MT.json:17:18
[554/1556] multilogieval::multilogieval:d2_Data/nm/BDR_MT.json:18:19
[555/1556] multilogieval::multilogieval:d2_Data/nm/BDR_MT.json:19:20
[556/1556] multilogieval::multilogieval:d2_Data/nm/DRD_MP.json:0:1
[557/1556] multilogieval::multilogieval:d2_Data/nm/DRD_MP.json:1:2
[558/1556] multilogieval::multilogieval:d2_Data/nm/DRD_MP.json:2:3
[559/1556] multilogieval::multilogieval:d2_Data/nm/DRD_MP.json:3:4
[560/1556] multilogieval::multilogieval:d2_Data/nm/DRD_MP.json:4:5
[561/1556] multilogieval::multilogieval:d2_Data/nm/DRD_MP.json:5:6
[562/1556] multilogieval::multilogieval:d2_Data/nm/DRD_MP.json:6:7
[563/1556] multilogieval::multilogieval:d2_Data/nm/DRD_MP.json:7:8
[564/1556] multilogieval::multilogieval:d2_Data/nm/DRD_MP.json:8:9
[565/1556] multilogieval::multilogieval:d2_Data/nm/DRD_MP.json:9:10
[566/1556] multilogieval::multilogieval:d2_Data/nm/DRD_MP.json:10:11
[567/1556] multilogieval::multilogieval:d2_Data/nm/DRD_MP.json:11:12
[568/1556] multilogieval::multilogieval:d2_Data/nm/DRD_MP.json:12:13
[569/1556] multilogieval::multilogieval:d2_Data/nm/DRD_MP.json:13:14
[570/1556] multilogieval::multilogieval:d2_Data/nm/DRD_MP.json:14:15
[571/1556] multilogieval::multilogieval:d2_Data/nm/DRD_MP.json:15:16
[572/1556] multilogieval::multilogieval:d2_Data/nm/DRD_MP.json:16:17
[573/1556] multilogieval::multilogieval:d2_Data/nm/DRD_MP.json:17:18
[574/1556] multilogieval::multilogieval:d2_Data/nm/DRD_MP.json:18:19
[575/1556] multilogieval::multilogieval:d2_Data/nm/DRD_MP.json:19:20
[576/1556] multilogieval::multilogieval:d2_Data/nm/DRD_MT.json:0:1
[577/1556] multilogieval::multilogieval:d2_Data/nm/DRD_MT.json:1:2
[578/1556] multilogieval::multilogieval:d2_Data/nm/DRD_MT.json:2:3
[579/1556] multilogieval::multilogieval:d2_Data/nm/DRD_MT.json:3:4
[580/1556] multilogieval::multilogieval:d2_Data/nm/DRD_MT.json:4:5
[581/1556] multilogieval::multilogieval:d2_Data/nm/DRD_MT.json:5:6
[582/1556] multilogieval::multilogieval:d2_Data/nm/DRD_MT.json:6:7
[583/1556] multilogieval::multilogieval:d2_Data/nm/DRD_MT.json:7:8
[584/1556] multilogieval::multilogieval:d2_Data/nm/DRD_MT.json:8:9
[585/1556] multilogieval::multilogieval:d2_Data/nm/DRD_MT.json:9:10
[586/1556] multilogieval::multilogieval:d2_Data/nm/DRD_MT.json:10:11
[587/1556] multilogieval::multilogieval:d2_Data/nm/DRD_MT.json:11:12
[588/1556] multilogieval::multilogieval:d2_Data/nm/DRD_MT.json:12:13
[589/1556] multilogieval::multilogieval:d2_Data/nm/DRD_MT.json:13:14
[590/1556] multilogieval::multilogieval:d2_Data/nm/DRD_MT.json:14:15
[591/1556] multilogieval::multilogieval:d2_Data/nm/DRD_MT.json:15:16
[592/1556] multilogieval::multilogieval:d2_Data/nm/DRD_MT.json:16:17
[593/1556] multilogieval::multilogieval:d2_Data/nm/DRD_MT.json:17:18
[594/1556] multilogieval::multilogieval:d2_Data/nm/DRD_MT.json:18:19
[595/1556] multilogieval::multilogieval:d2_Data/nm/DRD_MT.json:19:20
[596/1556] multilogieval::multilogieval:d2_Data/nm/DRI_MP.json:0:1
[597/1556] multilogieval::multilogieval:d2_Data/nm/DRI_MP.json:1:2
[598/1556] multilogieval::multilogieval:d2_Data/nm/DRI_MP.json:2:3
[599/1556] multilogieval::multilogieval:d2_Data/nm/DRI_MP.json:3:4
[600/1556] multilogieval::multilogieval:d2_Data/nm/DRI_MP.json:4:5
[601/1556] multilogieval::multilogieval:d2_Data/nm/DRI_MP.json:5:6
[602/1556] multilogieval::multilogieval:d2_Data/nm/DRI_MP.json:6:7
[603/1556] multilogieval::multilogieval:d2_Data/nm/DRI_MP.json:7:8
[604/1556] multilogieval::multilogieval:d2_Data/nm/DRI_MP.json:8:9
[605/1556] multilogieval::multilogieval:d2_Data/nm/DRI_MP.json:9:10
[606/1556] multilogieval::multilogieval:d2_Data/nm/DRI_MP.json:10:11
[607/1556] multilogieval::multilogieval:d2_Data/nm/DRI_MP.json:11:12
[608/1556] multilogieval::multilogieval:d2_Data/nm/DRI_MP.json:12:13
[609/1556] multilogieval::multilogieval:d2_Data/nm/DRI_MP.json:13:14
[610/1556] multilogieval::multilogieval:d2_Data/nm/DRI_MP.json:14:15
[611/1556] multilogieval::multilogieval:d2_Data/nm/DRI_MP.json:15:16
[612/1556] multilogieval::multilogieval:d2_Data/nm/DRI_MP.json:16:17
[613/1556] multilogieval::multilogieval:d2_Data/nm/DRI_MP.json:17:18
[614/1556] multilogieval::multilogieval:d2_Data/nm/DRI_MP.json:18:19
[615/1556] multilogieval::multilogieval:d2_Data/nm/DRI_MP.json:19:20
[616/1556] multilogieval::multilogieval:d2_Data/nm/DRI_MT.json:0:1
[617/1556] multilogieval::multilogieval:d2_Data/nm/DRI_MT.json:1:2
[618/1556] multilogieval::multilogieval:d2_Data/nm/DRI_MT.json:2:3
[619/1556] multilogieval::multilogieval:d2_Data/nm/DRI_MT.json:3:4
[620/1556] multilogieval::multilogieval:d2_Data/nm/DRI_MT.json:4:5
[621/1556] multilogieval::multilogieval:d2_Data/nm/DRI_MT.json:5:6
[622/1556] multilogieval::multilogieval:d2_Data/nm/DRI_MT.json:6:7
[623/1556] multilogieval::multilogieval:d2_Data/nm/DRI_MT.json:7:8
[624/1556] multilogieval::multilogieval:d2_Data/nm/DRI_MT.json:8:9
[625/1556] multilogieval::multilogieval:d2_Data/nm/DRI_MT.json:9:10
[626/1556] multilogieval::multilogieval:d2_Data/nm/DRI_MT.json:10:11
[627/1556] multilogieval::multilogieval:d2_Data/nm/DRI_MT.json:11:12
[628/1556] multilogieval::multilogieval:d2_Data/nm/DRI_MT.json:12:13
[629/1556] multilogieval::multilogieval:d2_Data/nm/DRI_MT.json:13:14
[630/1556] multilogieval::multilogieval:d2_Data/nm/DRI_MT.json:14:15
[631/1556] multilogieval::multilogieval:d2_Data/nm/DRI_MT.json:15:16
[632/1556] multilogieval::multilogieval:d2_Data/nm/DRI_MT.json:16:17
[633/1556] multilogieval::multilogieval:d2_Data/nm/DRI_MT.json:17:18
[634/1556] multilogieval::multilogieval:d2_Data/nm/DRI_MT.json:18:19
[635/1556] multilogieval::multilogieval:d2_Data/nm/DRI_MT.json:19:20
[636/1556] multilogieval::multilogieval:d2_Data/nm/PBD_MP.json:0:1
[637/1556] multilogieval::multilogieval:d2_Data/nm/PBD_MP.json:1:2
[638/1556] multilogieval::multilogieval:d2_Data/nm/PBD_MP.json:2:3
[639/1556] multilogieval::multilogieval:d2_Data/nm/PBD_MP.json:3:4
[640/1556] multilogieval::multilogieval:d2_Data/nm/PBD_MP.json:4:5
[641/1556] multilogieval::multilogieval:d2_Data/nm/PBD_MP.json:5:6
[642/1556] multilogieval::multilogieval:d2_Data/nm/PBD_MP.json:6:7
[643/1556] multilogieval::multilogieval:d2_Data/nm/PBD_MP.json:7:8
[644/1556] multilogieval::multilogieval:d2_Data/nm/PBD_MP.json:8:9
[645/1556] multilogieval::multilogieval:d2_Data/nm/PBD_MP.json:9:10
[646/1556] multilogieval::multilogieval:d2_Data/nm/PBD_MP.json:10:11
[647/1556] multilogieval::multilogieval:d2_Data/nm/PBD_MP.json:11:12
[648/1556] multilogieval::multilogieval:d2_Data/nm/PBD_MP.json:12:13
[649/1556] multilogieval::multilogieval:d2_Data/nm/PBD_MP.json:13:14
[650/1556] multilogieval::multilogieval:d2_Data/nm/PBD_MP.json:14:15
[651/1556] multilogieval::multilogieval:d2_Data/nm/PBD_MP.json:15:16
[652/1556] multilogieval::multilogieval:d2_Data/nm/PBD_MP.json:16:17
[653/1556] multilogieval::multilogieval:d2_Data/nm/PBD_MP.json:17:18
[654/1556] multilogieval::multilogieval:d2_Data/nm/PBD_MP.json:18:19
[655/1556] multilogieval::multilogieval:d2_Data/nm/PBD_MP.json:19:20
[656/1556] multilogieval::multilogieval:d2_Data/nm/PBD_MT.json:0:1
[657/1556] multilogieval::multilogieval:d2_Data/nm/PBD_MT.json:1:2
[658/1556] multilogieval::multilogieval:d2_Data/nm/PBD_MT.json:2:3
[659/1556] multilogieval::multilogieval:d2_Data/nm/PBD_MT.json:3:4
[660/1556] multilogieval::multilogieval:d2_Data/nm/PBD_MT.json:4:5
[661/1556] multilogieval::multilogieval:d2_Data/nm/PBD_MT.json:5:6
[662/1556] multilogieval::multilogieval:d2_Data/nm/PBD_MT.json:6:7
[663/1556] multilogieval::multilogieval:d2_Data/nm/PBD_MT.json:7:8
[664/1556] multilogieval::multilogieval:d2_Data/nm/PBD_MT.json:8:9
[665/1556] multilogieval::multilogieval:d2_Data/nm/PBD_MT.json:9:10
[666/1556] multilogieval::multilogieval:d2_Data/nm/PBD_MT.json:10:11
[667/1556] multilogieval::multilogieval:d2_Data/nm/PBD_MT.json:11:12
[668/1556] multilogieval::multilogieval:d2_Data/nm/PBD_MT.json:12:13
[669/1556] multilogieval::multilogieval:d2_Data/nm/PBD_MT.json:13:14
[670/1556] multilogieval::multilogieval:d2_Data/nm/PBD_MT.json:14:15
[671/1556] multilogieval::multilogieval:d2_Data/nm/PBD_MT.json:15:16
[672/1556] multilogieval::multilogieval:d2_Data/nm/PBD_MT.json:16:17
[673/1556] multilogieval::multilogieval:d2_Data/nm/PBD_MT.json:17:18
[674/1556] multilogieval::multilogieval:d2_Data/nm/PBD_MT.json:18:19
[675/1556] multilogieval::multilogieval:d2_Data/nm/PBD_MT.json:19:20
[676/1556] multilogieval::multilogieval:d2_Data/nm/REII_MP.json:0:1
[677/1556] multilogieval::multilogieval:d2_Data/nm/REII_MP.json:1:2
[678/1556] multilogieval::multilogieval:d2_Data/nm/REII_MP.json:2:3
[679/1556] multilogieval::multilogieval:d2_Data/nm/REII_MP.json:3:4
[680/1556] multilogieval::multilogieval:d2_Data/nm/REII_MP.json:4:5
[681/1556] multilogieval::multilogieval:d2_Data/nm/REII_MP.json:5:6
[682/1556] multilogieval::multilogieval:d2_Data/nm/REII_MP.json:6:7
[683/1556] multilogieval::multilogieval:d2_Data/nm/REII_MP.json:7:8
[684/1556] multilogieval::multilogieval:d2_Data/nm/REII_MP.json:8:9
[685/1556] multilogieval::multilogieval:d2_Data/nm/REII_MP.json:9:10
[686/1556] multilogieval::multilogieval:d2_Data/nm/REII_MP.json:10:11
[687/1556] multilogieval::multilogieval:d2_Data/nm/REII_MP.json:11:12
[688/1556] multilogieval::multilogieval:d2_Data/nm/REII_MP.json:12:13
[689/1556] multilogieval::multilogieval:d2_Data/nm/REII_MP.json:13:14
[690/1556] multilogieval::multilogieval:d2_Data/nm/REII_MP.json:14:15
[691/1556] multilogieval::multilogieval:d2_Data/nm/REII_MP.json:15:16
[692/1556] multilogieval::multilogieval:d2_Data/nm/REII_MP.json:16:17
[693/1556] multilogieval::multilogieval:d2_Data/nm/REII_MP.json:17:18
[694/1556] multilogieval::multilogieval:d2_Data/nm/REII_MP.json:18:19
[695/1556] multilogieval::multilogieval:d2_Data/nm/REII_MP.json:19:20
[696/1556] multilogieval::multilogieval:d2_Data/nm/REII_MT.json:0:1
[697/1556] multilogieval::multilogieval:d2_Data/nm/REII_MT.json:1:2
[698/1556] multilogieval::multilogieval:d2_Data/nm/REII_MT.json:2:3
[699/1556] multilogieval::multilogieval:d2_Data/nm/REII_MT.json:3:4
[700/1556] multilogieval::multilogieval:d2_Data/nm/REII_MT.json:4:5
[701/1556] multilogieval::multilogieval:d2_Data/nm/REII_MT.json:5:6
[702/1556] multilogieval::multilogieval:d2_Data/nm/REII_MT.json:6:7
[703/1556] multilogieval::multilogieval:d2_Data/nm/REII_MT.json:7:8
[704/1556] multilogieval::multilogieval:d2_Data/nm/REII_MT.json:8:9
[705/1556] multilogieval::multilogieval:d2_Data/nm/REII_MT.json:9:10
[706/1556] multilogieval::multilogieval:d2_Data/nm/REII_MT.json:10:11
[707/1556] multilogieval::multilogieval:d2_Data/nm/REII_MT.json:11:12
[708/1556] multilogieval::multilogieval:d2_Data/nm/REII_MT.json:12:13
[709/1556] multilogieval::multilogieval:d2_Data/nm/REII_MT.json:13:14
[710/1556] multilogieval::multilogieval:d2_Data/nm/REII_MT.json:14:15
[711/1556] multilogieval::multilogieval:d2_Data/nm/REII_MT.json:15:16
[712/1556] multilogieval::multilogieval:d2_Data/nm/REII_MT.json:16:17
[713/1556] multilogieval::multilogieval:d2_Data/nm/REII_MT.json:17:18
[714/1556] multilogieval::multilogieval:d2_Data/nm/REII_MT.json:18:19
[715/1556] multilogieval::multilogieval:d2_Data/nm/REII_MT.json:19:20
[716/1556] multilogieval::multilogieval:d2_Data/nm/REI_MP.json:0:1
[717/1556] multilogieval::multilogieval:d2_Data/nm/REI_MP.json:1:2
[718/1556] multilogieval::multilogieval:d2_Data/nm/REI_MP.json:2:3
[719/1556] multilogieval::multilogieval:d2_Data/nm/REI_MP.json:3:4
[720/1556] multilogieval::multilogieval:d2_Data/nm/REI_MP.json:4:5
[721/1556] multilogieval::multilogieval:d2_Data/nm/REI_MP.json:5:6
[722/1556] multilogieval::multilogieval:d2_Data/nm/REI_MP.json:6:7
[723/1556] multilogieval::multilogieval:d2_Data/nm/REI_MP.json:7:8
[724/1556] multilogieval::multilogieval:d2_Data/nm/REI_MP.json:8:9
[725/1556] multilogieval::multilogieval:d2_Data/nm/REI_MP.json:9:10
[726/1556] multilogieval::multilogieval:d2_Data/nm/REI_MP.json:10:11
[727/1556] multilogieval::multilogieval:d2_Data/nm/REI_MP.json:11:12
[728/1556] multilogieval::multilogieval:d2_Data/nm/REI_MP.json:12:13
[729/1556] multilogieval::multilogieval:d2_Data/nm/REI_MP.json:13:14
[730/1556] multilogieval::multilogieval:d2_Data/nm/REI_MP.json:14:15
[731/1556] multilogieval::multilogieval:d2_Data/nm/REI_MP.json:15:16
[732/1556] multilogieval::multilogieval:d2_Data/nm/REI_MT.json:0:1
[733/1556] multilogieval::multilogieval:d2_Data/nm/REI_MT.json:1:2
[734/1556] multilogieval::multilogieval:d2_Data/nm/REI_MT.json:2:3
[735/1556] multilogieval::multilogieval:d2_Data/nm/REI_MT.json:3:4
[736/1556] multilogieval::multilogieval:d2_Data/nm/REI_MT.json:4:5
[737/1556] multilogieval::multilogieval:d2_Data/nm/REI_MT.json:5:6
[738/1556] multilogieval::multilogieval:d2_Data/nm/REI_MT.json:6:7
[739/1556] multilogieval::multilogieval:d2_Data/nm/REI_MT.json:7:8
[740/1556] multilogieval::multilogieval:d2_Data/nm/REI_MT.json:8:9
[741/1556] multilogieval::multilogieval:d2_Data/nm/REI_MT.json:9:10
[742/1556] multilogieval::multilogieval:d2_Data/nm/REI_MT.json:10:11
[743/1556] multilogieval::multilogieval:d2_Data/nm/REI_MT.json:11:12
[744/1556] multilogieval::multilogieval:d2_Data/nm/REI_MT.json:12:13
[745/1556] multilogieval::multilogieval:d2_Data/nm/REI_MT.json:13:14
[746/1556] multilogieval::multilogieval:d2_Data/nm/REI_MT.json:14:15
[747/1556] multilogieval::multilogieval:d2_Data/nm/REI_MT.json:15:16
[748/1556] multilogieval::multilogieval:d2_Data/nm/REI_MT.json:16:17
[749/1556] multilogieval::multilogieval:d2_Data/nm/REI_MT.json:17:18
[750/1556] multilogieval::multilogieval:d2_Data/nm/REI_MT.json:18:19
[751/1556] multilogieval::multilogieval:d2_Data/nm/REI_MT.json:19:20
[752/1556] multilogieval::multilogieval:d2_Data/pl/BD_DS.json:0:1
[753/1556] multilogieval::multilogieval:d2_Data/pl/BD_DS.json:1:2
[754/1556] multilogieval::multilogieval:d2_Data/pl/BD_DS.json:2:3
[755/1556] multilogieval::multilogieval:d2_Data/pl/BD_DS.json:3:4
[756/1556] multilogieval::multilogieval:d2_Data/pl/BD_DS.json:4:5
[757/1556] multilogieval::multilogieval:d2_Data/pl/BD_DS.json:5:6
[758/1556] multilogieval::multilogieval:d2_Data/pl/BD_DS.json:6:7
[759/1556] multilogieval::multilogieval:d2_Data/pl/BD_DS.json:7:8
[760/1556] multilogieval::multilogieval:d2_Data/pl/BD_DS.json:8:9
[761/1556] multilogieval::multilogieval:d2_Data/pl/BD_DS.json:9:10
[762/1556] multilogieval::multilogieval:d2_Data/pl/BD_DS.json:10:11
[763/1556] multilogieval::multilogieval:d2_Data/pl/BD_DS.json:11:12
[764/1556] multilogieval::multilogieval:d2_Data/pl/BD_DS.json:12:13
[765/1556] multilogieval::multilogieval:d2_Data/pl/BD_DS.json:13:14
[766/1556] multilogieval::multilogieval:d2_Data/pl/BD_DS.json:14:15
[767/1556] multilogieval::multilogieval:d2_Data/pl/CD_DS.json:0:1
[768/1556] multilogieval::multilogieval:d2_Data/pl/CD_DS.json:1:2
[769/1556] multilogieval::multilogieval:d2_Data/pl/CD_DS.json:2:3
[770/1556] multilogieval::multilogieval:d2_Data/pl/CD_DS.json:3:4
[771/1556] multilogieval::multilogieval:d2_Data/pl/CD_DS.json:4:5
[772/1556] multilogieval::multilogieval:d2_Data/pl/CD_DS.json:5:6
[773/1556] multilogieval::multilogieval:d2_Data/pl/CD_DS.json:6:7
[774/1556] multilogieval::multilogieval:d2_Data/pl/CD_DS.json:7:8
[775/1556] multilogieval::multilogieval:d2_Data/pl/CD_DS.json:8:9
[776/1556] multilogieval::multilogieval:d2_Data/pl/CD_DS.json:9:10
[777/1556] multilogieval::multilogieval:d2_Data/pl/CD_DS.json:10:11
[778/1556] multilogieval::multilogieval:d2_Data/pl/CD_DS.json:11:12
[779/1556] multilogieval::multilogieval:d2_Data/pl/CD_DS.json:12:13
[780/1556] multilogieval::multilogieval:d2_Data/pl/CD_DS.json:13:14
[781/1556] multilogieval::multilogieval:d2_Data/pl/CD_DS.json:14:15
[782/1556] multilogieval::multilogieval:d2_Data/pl/DD_DS.json:0:1
[783/1556] multilogieval::multilogieval:d2_Data/pl/DD_DS.json:1:2
[784/1556] multilogieval::multilogieval:d2_Data/pl/DD_DS.json:2:3
[785/1556] multilogieval::multilogieval:d2_Data/pl/DD_DS.json:3:4
[786/1556] multilogieval::multilogieval:d2_Data/pl/DD_DS.json:4:5
[787/1556] multilogieval::multilogieval:d2_Data/pl/DD_DS.json:5:6
[788/1556] multilogieval::multilogieval:d2_Data/pl/DD_DS.json:6:7
[789/1556] multilogieval::multilogieval:d2_Data/pl/DD_DS.json:7:8
[790/1556] multilogieval::multilogieval:d2_Data/pl/DD_DS.json:8:9
[791/1556] multilogieval::multilogieval:d2_Data/pl/DD_DS.json:9:10
[792/1556] multilogieval::multilogieval:d2_Data/pl/DD_DS.json:10:11
[793/1556] multilogieval::multilogieval:d2_Data/pl/DD_DS.json:11:12
[794/1556] multilogieval::multilogieval:d2_Data/pl/DD_DS.json:12:13
[795/1556] multilogieval::multilogieval:d2_Data/pl/DD_DS.json:13:14
[796/1556] multilogieval::multilogieval:d2_Data/pl/DD_DS.json:14:15
[797/1556] multilogieval::multilogieval:d2_Data/pl/DS_MP.json:0:1
[798/1556] multilogieval::multilogieval:d2_Data/pl/DS_MP.json:1:2
[799/1556] multilogieval::multilogieval:d2_Data/pl/DS_MP.json:2:3
[800/1556] multilogieval::multilogieval:d2_Data/pl/DS_MP.json:3:4
[801/1556] multilogieval::multilogieval:d2_Data/pl/DS_MP.json:4:5
[802/1556] multilogieval::multilogieval:d2_Data/pl/DS_MP.json:5:6
[803/1556] multilogieval::multilogieval:d2_Data/pl/DS_MP.json:6:7
[804/1556] multilogieval::multilogieval:d2_Data/pl/DS_MP.json:7:8
[805/1556] multilogieval::multilogieval:d2_Data/pl/DS_MP.json:8:9
[806/1556] multilogieval::multilogieval:d2_Data/pl/DS_MP.json:9:10
[807/1556] multilogieval::multilogieval:d2_Data/pl/DS_MP.json:10:11
[808/1556] multilogieval::multilogieval:d2_Data/pl/DS_MP.json:11:12
[809/1556] multilogieval::multilogieval:d2_Data/pl/DS_MP.json:12:13
[810/1556] multilogieval::multilogieval:d2_Data/pl/DS_MP.json:13:14
[811/1556] multilogieval::multilogieval:d2_Data/pl/DS_MP.json:14:15
[812/1556] multilogieval::multilogieval:d2_Data/pl/HS_MP.json:0:1
[813/1556] multilogieval::multilogieval:d2_Data/pl/HS_MP.json:1:2
[814/1556] multilogieval::multilogieval:d2_Data/pl/HS_MP.json:2:3
[815/1556] multilogieval::multilogieval:d2_Data/pl/HS_MP.json:3:4
[816/1556] multilogieval::multilogieval:d2_Data/pl/HS_MP.json:4:5
[817/1556] multilogieval::multilogieval:d2_Data/pl/HS_MP.json:5:6
[818/1556] multilogieval::multilogieval:d2_Data/pl/HS_MP.json:6:7
[819/1556] multilogieval::multilogieval:d2_Data/pl/HS_MP.json:7:8
[820/1556] multilogieval::multilogieval:d2_Data/pl/HS_MP.json:8:9
[821/1556] multilogieval::multilogieval:d2_Data/pl/HS_MP.json:9:10
[822/1556] multilogieval::multilogieval:d2_Data/pl/HS_MP.json:10:11
[823/1556] multilogieval::multilogieval:d2_Data/pl/HS_MP.json:11:12
[824/1556] multilogieval::multilogieval:d2_Data/pl/HS_MP.json:12:13
[825/1556] multilogieval::multilogieval:d2_Data/pl/HS_MP.json:13:14
[826/1556] multilogieval::multilogieval:d2_Data/pl/HS_MP.json:14:15
[827/1556] multilogieval::multilogieval:d2_Data/pl/HS_MT.json:0:1
[828/1556] multilogieval::multilogieval:d2_Data/pl/HS_MT.json:1:2
[829/1556] multilogieval::multilogieval:d2_Data/pl/HS_MT.json:2:3
[830/1556] multilogieval::multilogieval:d2_Data/pl/HS_MT.json:3:4
[831/1556] multilogieval::multilogieval:d2_Data/pl/HS_MT.json:4:5
[832/1556] multilogieval::multilogieval:d2_Data/pl/HS_MT.json:5:6
[833/1556] multilogieval::multilogieval:d2_Data/pl/HS_MT.json:6:7
[834/1556] multilogieval::multilogieval:d2_Data/pl/HS_MT.json:7:8
[835/1556] multilogieval::multilogieval:d2_Data/pl/HS_MT.json:8:9
[836/1556] multilogieval::multilogieval:d2_Data/pl/HS_MT.json:9:10
[837/1556] multilogieval::multilogieval:d2_Data/pl/HS_MT.json:10:11
[838/1556] multilogieval::multilogieval:d2_Data/pl/HS_MT.json:11:12
[839/1556] multilogieval::multilogieval:d2_Data/pl/HS_MT.json:12:13
[840/1556] multilogieval::multilogieval:d2_Data/pl/HS_MT.json:13:14
[841/1556] multilogieval::multilogieval:d2_Data/pl/HS_MT.json:14:15
[842/1556] multilogieval::multilogieval:d2_Data/pl/MT_DS.json:0:1
[843/1556] multilogieval::multilogieval:d2_Data/pl/MT_DS.json:1:2
[844/1556] multilogieval::multilogieval:d2_Data/pl/MT_DS.json:2:3
[845/1556] multilogieval::multilogieval:d2_Data/pl/MT_DS.json:3:4
[846/1556] multilogieval::multilogieval:d2_Data/pl/MT_DS.json:4:5
[847/1556] multilogieval::multilogieval:d2_Data/pl/MT_DS.json:5:6
[848/1556] multilogieval::multilogieval:d2_Data/pl/MT_DS.json:6:7
[849/1556] multilogieval::multilogieval:d2_Data/pl/MT_DS.json:7:8
[850/1556] multilogieval::multilogieval:d2_Data/pl/MT_DS.json:8:9
[851/1556] multilogieval::multilogieval:d2_Data/pl/MT_DS.json:9:10
[852/1556] multilogieval::multilogieval:d2_Data/pl/MT_DS.json:10:11
[853/1556] multilogieval::multilogieval:d2_Data/pl/MT_DS.json:11:12
[854/1556] multilogieval::multilogieval:d2_Data/pl/MT_DS.json:12:13
[855/1556] multilogieval::multilogieval:d2_Data/pl/MT_DS.json:13:14
[856/1556] multilogieval::multilogieval:d2_Data/pl/MT_DS.json:14:15
[857/1556] multilogieval::multilogieval:d3_Data/fol/BD_C_DS.json:0:1
[858/1556] multilogieval::multilogieval:d3_Data/fol/BD_C_DS.json:1:2
[859/1556] multilogieval::multilogieval:d3_Data/fol/BD_C_DS.json:2:3
[860/1556] multilogieval::multilogieval:d3_Data/fol/BD_C_DS.json:3:4
[861/1556] multilogieval::multilogieval:d3_Data/fol/BD_C_DS.json:4:5
[862/1556] multilogieval::multilogieval:d3_Data/fol/BD_C_DS.json:5:6
[863/1556] multilogieval::multilogieval:d3_Data/fol/BD_C_DS.json:6:7
[864/1556] multilogieval::multilogieval:d3_Data/fol/BD_C_DS.json:7:8
[865/1556] multilogieval::multilogieval:d3_Data/fol/BD_C_DS.json:8:9
[866/1556] multilogieval::multilogieval:d3_Data/fol/BD_C_DS.json:9:10
[867/1556] multilogieval::multilogieval:d3_Data/fol/BD_C_DS.json:10:11
[868/1556] multilogieval::multilogieval:d3_Data/fol/BD_C_DS.json:11:12
[869/1556] multilogieval::multilogieval:d3_Data/fol/BD_C_DS.json:12:13
[870/1556] multilogieval::multilogieval:d3_Data/fol/BD_C_DS.json:13:14
[871/1556] multilogieval::multilogieval:d3_Data/fol/BD_C_DS.json:14:15
[872/1556] multilogieval::multilogieval:d3_Data/fol/BD_DS_MT.json:0:1
[873/1556] multilogieval::multilogieval:d3_Data/fol/BD_DS_MT.json:1:2
[874/1556] multilogieval::multilogieval:d3_Data/fol/BD_DS_MT.json:2:3
[875/1556] multilogieval::multilogieval:d3_Data/fol/BD_DS_MT.json:3:4
[876/1556] multilogieval::multilogieval:d3_Data/fol/BD_DS_MT.json:4:5
[877/1556] multilogieval::multilogieval:d3_Data/fol/BD_DS_MT.json:5:6
[878/1556] multilogieval::multilogieval:d3_Data/fol/BD_DS_MT.json:6:7
[879/1556] multilogieval::multilogieval:d3_Data/fol/BD_DS_MT.json:7:8
[880/1556] multilogieval::multilogieval:d3_Data/fol/BD_DS_MT.json:8:9
[881/1556] multilogieval::multilogieval:d3_Data/fol/BD_DS_MT.json:9:10
[882/1556] multilogieval::multilogieval:d3_Data/fol/BD_DS_MT.json:10:11
[883/1556] multilogieval::multilogieval:d3_Data/fol/BD_DS_MT.json:11:12
[884/1556] multilogieval::multilogieval:d3_Data/fol/BD_DS_MT.json:12:13
[885/1556] multilogieval::multilogieval:d3_Data/fol/BD_DS_MT.json:13:14
[886/1556] multilogieval::multilogieval:d3_Data/fol/BD_DS_MT.json:14:15
[887/1556] multilogieval::multilogieval:d3_Data/fol/CD_C_DS.json:0:1
[888/1556] multilogieval::multilogieval:d3_Data/fol/CD_C_DS.json:1:2
[889/1556] multilogieval::multilogieval:d3_Data/fol/CD_C_DS.json:2:3
[890/1556] multilogieval::multilogieval:d3_Data/fol/CD_C_DS.json:3:4
[891/1556] multilogieval::multilogieval:d3_Data/fol/CD_C_DS.json:4:5
[892/1556] multilogieval::multilogieval:d3_Data/fol/CD_C_DS.json:5:6
[893/1556] multilogieval::multilogieval:d3_Data/fol/CD_C_DS.json:6:7
[894/1556] multilogieval::multilogieval:d3_Data/fol/CD_C_DS.json:7:8
[895/1556] multilogieval::multilogieval:d3_Data/fol/CD_C_DS.json:8:9
[896/1556] multilogieval::multilogieval:d3_Data/fol/CD_C_DS.json:9:10
[897/1556] multilogieval::multilogieval:d3_Data/fol/CD_C_DS.json:10:11
[898/1556] multilogieval::multilogieval:d3_Data/fol/CD_C_DS.json:11:12
[899/1556] multilogieval::multilogieval:d3_Data/fol/CD_C_DS.json:12:13
[900/1556] multilogieval::multilogieval:d3_Data/fol/CD_C_DS.json:13:14
[901/1556] multilogieval::multilogieval:d3_Data/fol/CD_C_DS.json:14:15
[902/1556] multilogieval::multilogieval:d3_Data/fol/CD_DS_MP.json:0:1
[903/1556] multilogieval::multilogieval:d3_Data/fol/CD_DS_MP.json:1:2
[904/1556] multilogieval::multilogieval:d3_Data/fol/CD_DS_MP.json:2:3
[905/1556] multilogieval::multilogieval:d3_Data/fol/CD_DS_MP.json:3:4
[906/1556] multilogieval::multilogieval:d3_Data/fol/CD_DS_MP.json:4:5
[907/1556] multilogieval::multilogieval:d3_Data/fol/CD_DS_MP.json:5:6
[908/1556] multilogieval::multilogieval:d3_Data/fol/CD_DS_MP.json:6:7
[909/1556] multilogieval::multilogieval:d3_Data/fol/CD_DS_MP.json:7:8
[910/1556] multilogieval::multilogieval:d3_Data/fol/CD_DS_MP.json:8:9
[911/1556] multilogieval::multilogieval:d3_Data/fol/CD_DS_MP.json:9:10
[912/1556] multilogieval::multilogieval:d3_Data/fol/CD_DS_MP.json:10:11
[913/1556] multilogieval::multilogieval:d3_Data/fol/CD_DS_MP.json:11:12
[914/1556] multilogieval::multilogieval:d3_Data/fol/CD_DS_MP.json:12:13
[915/1556] multilogieval::multilogieval:d3_Data/fol/CD_DS_MP.json:13:14
[916/1556] multilogieval::multilogieval:d3_Data/fol/CD_DS_MP.json:14:15
[917/1556] multilogieval::multilogieval:d3_Data/fol/DD_DS_MT.json:0:1
[918/1556] multilogieval::multilogieval:d3_Data/fol/DD_DS_MT.json:1:2
[919/1556] multilogieval::multilogieval:d3_Data/fol/DD_DS_MT.json:2:3
[920/1556] multilogieval::multilogieval:d3_Data/fol/DD_DS_MT.json:3:4
[921/1556] multilogieval::multilogieval:d3_Data/fol/DD_DS_MT.json:4:5
[922/1556] multilogieval::multilogieval:d3_Data/fol/DD_DS_MT.json:5:6
[923/1556] multilogieval::multilogieval:d3_Data/fol/DD_DS_MT.json:6:7
[924/1556] multilogieval::multilogieval:d3_Data/fol/DD_DS_MT.json:7:8
[925/1556] multilogieval::multilogieval:d3_Data/fol/DD_DS_MT.json:8:9
[926/1556] multilogieval::multilogieval:d3_Data/fol/DD_DS_MT.json:9:10
[927/1556] multilogieval::multilogieval:d3_Data/fol/DD_DS_MT.json:10:11
[928/1556] multilogieval::multilogieval:d3_Data/fol/DD_DS_MT.json:11:12
[929/1556] multilogieval::multilogieval:d3_Data/fol/DD_DS_MT.json:12:13
[930/1556] multilogieval::multilogieval:d3_Data/fol/DD_DS_MT.json:13:14
[931/1556] multilogieval::multilogieval:d3_Data/fol/DD_DS_MT.json:14:15
[932/1556] multilogieval::multilogieval:d3_Data/fol/DMT_CO_MT.json:0:1
[933/1556] multilogieval::multilogieval:d3_Data/fol/DMT_CO_MT.json:1:2
[934/1556] multilogieval::multilogieval:d3_Data/fol/DMT_CO_MT.json:2:3
[935/1556] multilogieval::multilogieval:d3_Data/fol/DMT_CO_MT.json:3:4
[936/1556] multilogieval::multilogieval:d3_Data/fol/DMT_CO_MT.json:4:5
[937/1556] multilogieval::multilogieval:d3_Data/fol/DMT_CO_MT.json:5:6
[938/1556] multilogieval::multilogieval:d3_Data/fol/DMT_CO_MT.json:6:7
[939/1556] multilogieval::multilogieval:d3_Data/fol/DMT_CO_MT.json:7:8
[940/1556] multilogieval::multilogieval:d3_Data/fol/DMT_CO_MT.json:8:9
[941/1556] multilogieval::multilogieval:d3_Data/fol/DMT_CO_MT.json:9:10
[942/1556] multilogieval::multilogieval:d3_Data/fol/DMT_CO_MT.json:10:11
[943/1556] multilogieval::multilogieval:d3_Data/fol/DMT_CO_MT.json:11:12
[944/1556] multilogieval::multilogieval:d3_Data/fol/DMT_CO_MT.json:12:13
[945/1556] multilogieval::multilogieval:d3_Data/fol/DMT_CO_MT.json:13:14
[946/1556] multilogieval::multilogieval:d3_Data/fol/DMT_CO_MT.json:14:15
[947/1556] multilogieval::multilogieval:d3_Data/fol/HS_CD_DS.json:0:1
[948/1556] multilogieval::multilogieval:d3_Data/fol/HS_CD_DS.json:1:2
[949/1556] multilogieval::multilogieval:d3_Data/fol/HS_CD_DS.json:2:3
[950/1556] multilogieval::multilogieval:d3_Data/fol/HS_CD_DS.json:3:4
[951/1556] multilogieval::multilogieval:d3_Data/fol/HS_CD_DS.json:4:5
[952/1556] multilogieval::multilogieval:d3_Data/fol/HS_CD_DS.json:5:6
[953/1556] multilogieval::multilogieval:d3_Data/fol/HS_CD_DS.json:6:7
[954/1556] multilogieval::multilogieval:d3_Data/fol/HS_CD_DS.json:7:8
[955/1556] multilogieval::multilogieval:d3_Data/fol/HS_CD_DS.json:8:9
[956/1556] multilogieval::multilogieval:d3_Data/fol/HS_CD_DS.json:9:10
[957/1556] multilogieval::multilogieval:d3_Data/fol/HS_CD_DS.json:10:11
[958/1556] multilogieval::multilogieval:d3_Data/fol/HS_CD_DS.json:11:12
[959/1556] multilogieval::multilogieval:d3_Data/fol/HS_CD_DS.json:12:13
[960/1556] multilogieval::multilogieval:d3_Data/fol/HS_CD_DS.json:13:14
[961/1556] multilogieval::multilogieval:d3_Data/fol/HS_CD_DS.json:14:15
[962/1556] multilogieval::multilogieval:d3_Data/fol/HS_MP_MP.json:0:1
[963/1556] multilogieval::multilogieval:d3_Data/fol/HS_MP_MP.json:1:2
[964/1556] multilogieval::multilogieval:d3_Data/fol/HS_MP_MP.json:2:3
[965/1556] multilogieval::multilogieval:d3_Data/fol/HS_MP_MP.json:3:4
[966/1556] multilogieval::multilogieval:d3_Data/fol/HS_MP_MP.json:4:5
[967/1556] multilogieval::multilogieval:d3_Data/fol/HS_MP_MP.json:5:6
[968/1556] multilogieval::multilogieval:d3_Data/fol/HS_MP_MP.json:6:7
[969/1556] multilogieval::multilogieval:d3_Data/fol/HS_MP_MP.json:7:8
[970/1556] multilogieval::multilogieval:d3_Data/fol/HS_MP_MP.json:8:9
[971/1556] multilogieval::multilogieval:d3_Data/fol/HS_MP_MP.json:9:10
[972/1556] multilogieval::multilogieval:d3_Data/fol/HS_MP_MP.json:10:11
[973/1556] multilogieval::multilogieval:d3_Data/fol/HS_MP_MP.json:11:12
[974/1556] multilogieval::multilogieval:d3_Data/fol/HS_MP_MP.json:12:13
[975/1556] multilogieval::multilogieval:d3_Data/fol/HS_MP_MP.json:13:14
[976/1556] multilogieval::multilogieval:d3_Data/fol/HS_MP_MP.json:14:15
[977/1556] multilogieval::multilogieval:d3_Data/fol/HS_MT_DS.json:0:1
[978/1556] multilogieval::multilogieval:d3_Data/fol/HS_MT_DS.json:1:2
[979/1556] multilogieval::multilogieval:d3_Data/fol/HS_MT_DS.json:2:3
[980/1556] multilogieval::multilogieval:d3_Data/fol/HS_MT_DS.json:3:4
[981/1556] multilogieval::multilogieval:d3_Data/fol/HS_MT_DS.json:4:5
[982/1556] multilogieval::multilogieval:d3_Data/fol/HS_MT_DS.json:5:6
[983/1556] multilogieval::multilogieval:d3_Data/fol/HS_MT_DS.json:6:7
[984/1556] multilogieval::multilogieval:d3_Data/fol/HS_MT_DS.json:7:8
[985/1556] multilogieval::multilogieval:d3_Data/fol/HS_MT_DS.json:8:9
[986/1556] multilogieval::multilogieval:d3_Data/fol/HS_MT_DS.json:9:10
[987/1556] multilogieval::multilogieval:d3_Data/fol/HS_MT_DS.json:10:11
[988/1556] multilogieval::multilogieval:d3_Data/fol/HS_MT_DS.json:11:12
[989/1556] multilogieval::multilogieval:d3_Data/fol/HS_MT_DS.json:12:13
[990/1556] multilogieval::multilogieval:d3_Data/fol/HS_MT_DS.json:13:14
[991/1556] multilogieval::multilogieval:d3_Data/fol/HS_MT_DS.json:14:15
[992/1556] multilogieval::multilogieval:d3_Data/nm/d3_1.json:0:1
[993/1556] multilogieval::multilogieval:d3_Data/nm/d3_1.json:1:2
[994/1556] multilogieval::multilogieval:d3_Data/nm/d3_1.json:2:3
[995/1556] multilogieval::multilogieval:d3_Data/nm/d3_1.json:3:4
[996/1556] multilogieval::multilogieval:d3_Data/nm/d3_1.json:4:5
[997/1556] multilogieval::multilogieval:d3_Data/nm/d3_1.json:5:6
[998/1556] multilogieval::multilogieval:d3_Data/nm/d3_1.json:6:7
[999/1556] multilogieval::multilogieval:d3_Data/nm/d3_1.json:7:8
[1000/1556] multilogieval::multilogieval:d3_Data/nm/d3_1.json:8:9
[1001/1556] multilogieval::multilogieval:d3_Data/nm/d3_1.json:9:10
[1002/1556] multilogieval::multilogieval:d3_Data/nm/d3_1.json:10:11
[1003/1556] multilogieval::multilogieval:d3_Data/nm/d3_1.json:11:12
[1004/1556] multilogieval::multilogieval:d3_Data/nm/d3_1.json:12:13
[1005/1556] multilogieval::multilogieval:d3_Data/nm/d3_1.json:13:14
[1006/1556] multilogieval::multilogieval:d3_Data/nm/d3_1.json:14:15
[1007/1556] multilogieval::multilogieval:d3_Data/nm/d3_1.json:15:16
[1008/1556] multilogieval::multilogieval:d3_Data/nm/d3_1.json:16:17
[1009/1556] multilogieval::multilogieval:d3_Data/nm/d3_1.json:17:18
[1010/1556] multilogieval::multilogieval:d3_Data/nm/d3_1.json:18:19
[1011/1556] multilogieval::multilogieval:d3_Data/nm/d3_1.json:19:20
[1012/1556] multilogieval::multilogieval:d3_Data/nm/d3_2.json:0:1
[1013/1556] multilogieval::multilogieval:d3_Data/nm/d3_2.json:1:2
[1014/1556] multilogieval::multilogieval:d3_Data/nm/d3_2.json:2:3
[1015/1556] multilogieval::multilogieval:d3_Data/nm/d3_2.json:3:4
[1016/1556] multilogieval::multilogieval:d3_Data/nm/d3_2.json:4:5
[1017/1556] multilogieval::multilogieval:d3_Data/nm/d3_2.json:5:6
[1018/1556] multilogieval::multilogieval:d3_Data/nm/d3_2.json:6:7
[1019/1556] multilogieval::multilogieval:d3_Data/nm/d3_2.json:7:8
[1020/1556] multilogieval::multilogieval:d3_Data/nm/d3_2.json:8:9
[1021/1556] multilogieval::multilogieval:d3_Data/nm/d3_2.json:9:10
[1022/1556] multilogieval::multilogieval:d3_Data/nm/d3_2.json:10:11
[1023/1556] multilogieval::multilogieval:d3_Data/nm/d3_2.json:11:12
[1024/1556] multilogieval::multilogieval:d3_Data/nm/d3_2.json:12:13
[1025/1556] multilogieval::multilogieval:d3_Data/nm/d3_2.json:13:14
[1026/1556] multilogieval::multilogieval:d3_Data/nm/d3_2.json:14:15
[1027/1556] multilogieval::multilogieval:d3_Data/nm/d3_2.json:15:16
[1028/1556] multilogieval::multilogieval:d3_Data/nm/d3_2.json:16:17
[1029/1556] multilogieval::multilogieval:d3_Data/nm/d3_2.json:17:18
[1030/1556] multilogieval::multilogieval:d3_Data/nm/d3_2.json:18:19
[1031/1556] multilogieval::multilogieval:d3_Data/nm/d3_2.json:19:20
[1032/1556] multilogieval::multilogieval:d3_Data/pl/BD_C_DS.json:0:1
[1033/1556] multilogieval::multilogieval:d3_Data/pl/BD_C_DS.json:1:2
[1034/1556] multilogieval::multilogieval:d3_Data/pl/BD_C_DS.json:2:3
[1035/1556] multilogieval::multilogieval:d3_Data/pl/BD_C_DS.json:3:4
[1036/1556] multilogieval::multilogieval:d3_Data/pl/BD_C_DS.json:4:5
[1037/1556] multilogieval::multilogieval:d3_Data/pl/BD_C_DS.json:5:6
[1038/1556] multilogieval::multilogieval:d3_Data/pl/BD_C_DS.json:6:7
[1039/1556] multilogieval::multilogieval:d3_Data/pl/BD_C_DS.json:7:8
[1040/1556] multilogieval::multilogieval:d3_Data/pl/BD_C_DS.json:8:9
[1041/1556] multilogieval::multilogieval:d3_Data/pl/BD_C_DS.json:9:10
[1042/1556] multilogieval::multilogieval:d3_Data/pl/BD_C_DS.json:10:11
[1043/1556] multilogieval::multilogieval:d3_Data/pl/BD_C_DS.json:11:12
[1044/1556] multilogieval::multilogieval:d3_Data/pl/BD_C_DS.json:12:13
[1045/1556] multilogieval::multilogieval:d3_Data/pl/BD_C_DS.json:13:14
[1046/1556] multilogieval::multilogieval:d3_Data/pl/BD_C_DS.json:14:15
[1047/1556] multilogieval::multilogieval:d3_Data/pl/BD_DS_MT.json:0:1
[1048/1556] multilogieval::multilogieval:d3_Data/pl/BD_DS_MT.json:1:2
[1049/1556] multilogieval::multilogieval:d3_Data/pl/BD_DS_MT.json:2:3
[1050/1556] multilogieval::multilogieval:d3_Data/pl/BD_DS_MT.json:3:4
[1051/1556] multilogieval::multilogieval:d3_Data/pl/BD_DS_MT.json:4:5
[1052/1556] multilogieval::multilogieval:d3_Data/pl/BD_DS_MT.json:5:6
[1053/1556] multilogieval::multilogieval:d3_Data/pl/BD_DS_MT.json:6:7
[1054/1556] multilogieval::multilogieval:d3_Data/pl/BD_DS_MT.json:7:8
[1055/1556] multilogieval::multilogieval:d3_Data/pl/BD_DS_MT.json:8:9
[1056/1556] multilogieval::multilogieval:d3_Data/pl/BD_DS_MT.json:9:10
[1057/1556] multilogieval::multilogieval:d3_Data/pl/BD_DS_MT.json:10:11
[1058/1556] multilogieval::multilogieval:d3_Data/pl/BD_DS_MT.json:11:12
[1059/1556] multilogieval::multilogieval:d3_Data/pl/BD_DS_MT.json:12:13
[1060/1556] multilogieval::multilogieval:d3_Data/pl/BD_DS_MT.json:13:14
[1061/1556] multilogieval::multilogieval:d3_Data/pl/BD_DS_MT.json:14:15
[1062/1556] multilogieval::multilogieval:d3_Data/pl/CD_C_DS.json:0:1
[1063/1556] multilogieval::multilogieval:d3_Data/pl/CD_C_DS.json:1:2
[1064/1556] multilogieval::multilogieval:d3_Data/pl/CD_C_DS.json:2:3
[1065/1556] multilogieval::multilogieval:d3_Data/pl/CD_C_DS.json:3:4
[1066/1556] multilogieval::multilogieval:d3_Data/pl/CD_C_DS.json:4:5
[1067/1556] multilogieval::multilogieval:d3_Data/pl/CD_C_DS.json:5:6
[1068/1556] multilogieval::multilogieval:d3_Data/pl/CD_C_DS.json:6:7
[1069/1556] multilogieval::multilogieval:d3_Data/pl/CD_C_DS.json:7:8
[1070/1556] multilogieval::multilogieval:d3_Data/pl/CD_C_DS.json:8:9
[1071/1556] multilogieval::multilogieval:d3_Data/pl/CD_C_DS.json:9:10
[1072/1556] multilogieval::multilogieval:d3_Data/pl/CD_C_DS.json:10:11
[1073/1556] multilogieval::multilogieval:d3_Data/pl/CD_C_DS.json:11:12
[1074/1556] multilogieval::multilogieval:d3_Data/pl/CD_C_DS.json:12:13
[1075/1556] multilogieval::multilogieval:d3_Data/pl/CD_C_DS.json:13:14
[1076/1556] multilogieval::multilogieval:d3_Data/pl/CD_C_DS.json:14:15
[1077/1556] multilogieval::multilogieval:d3_Data/pl/CD_DS_MP.json:0:1
[1078/1556] multilogieval::multilogieval:d3_Data/pl/CD_DS_MP.json:1:2
[1079/1556] multilogieval::multilogieval:d3_Data/pl/CD_DS_MP.json:2:3
[1080/1556] multilogieval::multilogieval:d3_Data/pl/CD_DS_MP.json:3:4
[1081/1556] multilogieval::multilogieval:d3_Data/pl/CD_DS_MP.json:4:5
[1082/1556] multilogieval::multilogieval:d3_Data/pl/CD_DS_MP.json:5:6
[1083/1556] multilogieval::multilogieval:d3_Data/pl/CD_DS_MP.json:6:7
[1084/1556] multilogieval::multilogieval:d3_Data/pl/CD_DS_MP.json:7:8
[1085/1556] multilogieval::multilogieval:d3_Data/pl/CD_DS_MP.json:8:9
[1086/1556] multilogieval::multilogieval:d3_Data/pl/CD_DS_MP.json:9:10
[1087/1556] multilogieval::multilogieval:d3_Data/pl/CD_DS_MP.json:10:11
[1088/1556] multilogieval::multilogieval:d3_Data/pl/CD_DS_MP.json:11:12
[1089/1556] multilogieval::multilogieval:d3_Data/pl/CD_DS_MP.json:12:13
[1090/1556] multilogieval::multilogieval:d3_Data/pl/CD_DS_MP.json:13:14
[1091/1556] multilogieval::multilogieval:d3_Data/pl/CD_DS_MP.json:14:15
[1092/1556] multilogieval::multilogieval:d3_Data/pl/DD_DS_MT.json:0:1
[1093/1556] multilogieval::multilogieval:d3_Data/pl/DD_DS_MT.json:1:2
[1094/1556] multilogieval::multilogieval:d3_Data/pl/DD_DS_MT.json:2:3
[1095/1556] multilogieval::multilogieval:d3_Data/pl/DD_DS_MT.json:3:4
[1096/1556] multilogieval::multilogieval:d3_Data/pl/DD_DS_MT.json:4:5
[1097/1556] multilogieval::multilogieval:d3_Data/pl/DD_DS_MT.json:5:6
[1098/1556] multilogieval::multilogieval:d3_Data/pl/DD_DS_MT.json:6:7
[1099/1556] multilogieval::multilogieval:d3_Data/pl/DD_DS_MT.json:7:8
[1100/1556] multilogieval::multilogieval:d3_Data/pl/DD_DS_MT.json:8:9
[1101/1556] multilogieval::multilogieval:d3_Data/pl/DD_DS_MT.json:9:10
[1102/1556] multilogieval::multilogieval:d3_Data/pl/DD_DS_MT.json:10:11
[1103/1556] multilogieval::multilogieval:d3_Data/pl/DD_DS_MT.json:11:12
[1104/1556] multilogieval::multilogieval:d3_Data/pl/DD_DS_MT.json:12:13
[1105/1556] multilogieval::multilogieval:d3_Data/pl/DD_DS_MT.json:13:14
[1106/1556] multilogieval::multilogieval:d3_Data/pl/DD_DS_MT.json:14:15
[1107/1556] multilogieval::multilogieval:d3_Data/pl/DMT_CO_MT.json:0:1
[1108/1556] multilogieval::multilogieval:d3_Data/pl/DMT_CO_MT.json:1:2
[1109/1556] multilogieval::multilogieval:d3_Data/pl/DMT_CO_MT.json:2:3
[1110/1556] multilogieval::multilogieval:d3_Data/pl/DMT_CO_MT.json:3:4
[1111/1556] multilogieval::multilogieval:d3_Data/pl/DMT_CO_MT.json:4:5
[1112/1556] multilogieval::multilogieval:d3_Data/pl/DMT_CO_MT.json:5:6
[1113/1556] multilogieval::multilogieval:d3_Data/pl/DMT_CO_MT.json:6:7
[1114/1556] multilogieval::multilogieval:d3_Data/pl/DMT_CO_MT.json:7:8
[1115/1556] multilogieval::multilogieval:d3_Data/pl/DMT_CO_MT.json:8:9
[1116/1556] multilogieval::multilogieval:d3_Data/pl/DMT_CO_MT.json:9:10
[1117/1556] multilogieval::multilogieval:d3_Data/pl/DMT_CO_MT.json:10:11
[1118/1556] multilogieval::multilogieval:d3_Data/pl/DMT_CO_MT.json:11:12
[1119/1556] multilogieval::multilogieval:d3_Data/pl/DMT_CO_MT.json:12:13
[1120/1556] multilogieval::multilogieval:d3_Data/pl/DMT_CO_MT.json:13:14
[1121/1556] multilogieval::multilogieval:d3_Data/pl/DMT_CO_MT.json:14:15
[1122/1556] multilogieval::multilogieval:d3_Data/pl/HS_CD_DS.json:0:1
[1123/1556] multilogieval::multilogieval:d3_Data/pl/HS_CD_DS.json:1:2
[1124/1556] multilogieval::multilogieval:d3_Data/pl/HS_CD_DS.json:2:3
[1125/1556] multilogieval::multilogieval:d3_Data/pl/HS_CD_DS.json:3:4
[1126/1556] multilogieval::multilogieval:d3_Data/pl/HS_CD_DS.json:4:5
[1127/1556] multilogieval::multilogieval:d3_Data/pl/HS_CD_DS.json:5:6
[1128/1556] multilogieval::multilogieval:d3_Data/pl/HS_CD_DS.json:6:7
[1129/1556] multilogieval::multilogieval:d3_Data/pl/HS_CD_DS.json:7:8
[1130/1556] multilogieval::multilogieval:d3_Data/pl/HS_CD_DS.json:8:9
[1131/1556] multilogieval::multilogieval:d3_Data/pl/HS_CD_DS.json:9:10
[1132/1556] multilogieval::multilogieval:d3_Data/pl/HS_CD_DS.json:10:11
[1133/1556] multilogieval::multilogieval:d3_Data/pl/HS_CD_DS.json:11:12
[1134/1556] multilogieval::multilogieval:d3_Data/pl/HS_CD_DS.json:12:13
[1135/1556] multilogieval::multilogieval:d3_Data/pl/HS_CD_DS.json:13:14
[1136/1556] multilogieval::multilogieval:d3_Data/pl/HS_CD_DS.json:14:15
[1137/1556] multilogieval::multilogieval:d3_Data/pl/HS_MP_MP.json:0:1
[1138/1556] multilogieval::multilogieval:d3_Data/pl/HS_MP_MP.json:1:2
[1139/1556] multilogieval::multilogieval:d3_Data/pl/HS_MP_MP.json:2:3
[1140/1556] multilogieval::multilogieval:d3_Data/pl/HS_MP_MP.json:3:4
[1141/1556] multilogieval::multilogieval:d3_Data/pl/HS_MP_MP.json:4:5
[1142/1556] multilogieval::multilogieval:d3_Data/pl/HS_MP_MP.json:5:6
[1143/1556] multilogieval::multilogieval:d3_Data/pl/HS_MP_MP.json:6:7
[1144/1556] multilogieval::multilogieval:d3_Data/pl/HS_MP_MP.json:7:8
[1145/1556] multilogieval::multilogieval:d3_Data/pl/HS_MP_MP.json:8:9
[1146/1556] multilogieval::multilogieval:d3_Data/pl/HS_MP_MP.json:9:10
[1147/1556] multilogieval::multilogieval:d3_Data/pl/HS_MP_MP.json:10:11
[1148/1556] multilogieval::multilogieval:d3_Data/pl/HS_MP_MP.json:11:12
[1149/1556] multilogieval::multilogieval:d3_Data/pl/HS_MP_MP.json:12:13
[1150/1556] multilogieval::multilogieval:d3_Data/pl/HS_MP_MP.json:13:14
[1151/1556] multilogieval::multilogieval:d3_Data/pl/HS_MP_MP.json:14:15
[1152/1556] multilogieval::multilogieval:d3_Data/pl/HS_MT_DS.json:0:1
[1153/1556] multilogieval::multilogieval:d3_Data/pl/HS_MT_DS.json:1:2
[1154/1556] multilogieval::multilogieval:d3_Data/pl/HS_MT_DS.json:2:3
[1155/1556] multilogieval::multilogieval:d3_Data/pl/HS_MT_DS.json:3:4
[1156/1556] multilogieval::multilogieval:d3_Data/pl/HS_MT_DS.json:4:5
[1157/1556] multilogieval::multilogieval:d3_Data/pl/HS_MT_DS.json:5:6
[1158/1556] multilogieval::multilogieval:d3_Data/pl/HS_MT_DS.json:6:7
[1159/1556] multilogieval::multilogieval:d3_Data/pl/HS_MT_DS.json:7:8
[1160/1556] multilogieval::multilogieval:d3_Data/pl/HS_MT_DS.json:8:9
[1161/1556] multilogieval::multilogieval:d3_Data/pl/HS_MT_DS.json:9:10
[1162/1556] multilogieval::multilogieval:d3_Data/pl/HS_MT_DS.json:10:11
[1163/1556] multilogieval::multilogieval:d3_Data/pl/HS_MT_DS.json:11:12
[1164/1556] multilogieval::multilogieval:d3_Data/pl/HS_MT_DS.json:12:13
[1165/1556] multilogieval::multilogieval:d3_Data/pl/HS_MT_DS.json:13:14
[1166/1556] multilogieval::multilogieval:d3_Data/pl/HS_MT_DS.json:14:15
[1167/1556] multilogieval::multilogieval:d4_Data/fol/BD_C_DS_MP.json:0:1
[1168/1556] multilogieval::multilogieval:d4_Data/fol/BD_C_DS_MP.json:1:2
[1169/1556] multilogieval::multilogieval:d4_Data/fol/BD_C_DS_MP.json:2:3
[1170/1556] multilogieval::multilogieval:d4_Data/fol/BD_C_DS_MP.json:3:4
[1171/1556] multilogieval::multilogieval:d4_Data/fol/BD_C_DS_MP.json:4:5
[1172/1556] multilogieval::multilogieval:d4_Data/fol/BD_C_DS_MP.json:5:6
[1173/1556] multilogieval::multilogieval:d4_Data/fol/BD_C_DS_MP.json:6:7
[1174/1556] multilogieval::multilogieval:d4_Data/fol/BD_C_DS_MP.json:7:8
[1175/1556] multilogieval::multilogieval:d4_Data/fol/BD_C_DS_MP.json:8:9
[1176/1556] multilogieval::multilogieval:d4_Data/fol/BD_C_DS_MP.json:9:10
[1177/1556] multilogieval::multilogieval:d4_Data/fol/BD_C_DS_MP.json:10:11
[1178/1556] multilogieval::multilogieval:d4_Data/fol/BD_C_DS_MP.json:11:12
[1179/1556] multilogieval::multilogieval:d4_Data/fol/BD_C_DS_MP.json:12:13
[1180/1556] multilogieval::multilogieval:d4_Data/fol/BD_C_DS_MP.json:13:14
[1181/1556] multilogieval::multilogieval:d4_Data/fol/BD_C_DS_MP.json:14:15
[1182/1556] multilogieval::multilogieval:d4_Data/fol/BD_DS_MT_DS.json:0:1
[1183/1556] multilogieval::multilogieval:d4_Data/fol/BD_DS_MT_DS.json:1:2
[1184/1556] multilogieval::multilogieval:d4_Data/fol/BD_DS_MT_DS.json:2:3
[1185/1556] multilogieval::multilogieval:d4_Data/fol/BD_DS_MT_DS.json:3:4
[1186/1556] multilogieval::multilogieval:d4_Data/fol/BD_DS_MT_DS.json:4:5
[1187/1556] multilogieval::multilogieval:d4_Data/fol/BD_DS_MT_DS.json:5:6
[1188/1556] multilogieval::multilogieval:d4_Data/fol/BD_DS_MT_DS.json:6:7
[1189/1556] multilogieval::multilogieval:d4_Data/fol/BD_DS_MT_DS.json:7:8
[1190/1556] multilogieval::multilogieval:d4_Data/fol/BD_DS_MT_DS.json:8:9
[1191/1556] multilogieval::multilogieval:d4_Data/fol/BD_DS_MT_DS.json:9:10
[1192/1556] multilogieval::multilogieval:d4_Data/fol/BD_DS_MT_DS.json:10:11
[1193/1556] multilogieval::multilogieval:d4_Data/fol/BD_DS_MT_DS.json:11:12
[1194/1556] multilogieval::multilogieval:d4_Data/fol/BD_DS_MT_DS.json:12:13
[1195/1556] multilogieval::multilogieval:d4_Data/fol/BD_DS_MT_DS.json:13:14
[1196/1556] multilogieval::multilogieval:d4_Data/fol/BD_DS_MT_DS.json:14:15
[1197/1556] multilogieval::multilogieval:d4_Data/fol/BD_DS_MT_MT.json:0:1
[1198/1556] multilogieval::multilogieval:d4_Data/fol/BD_DS_MT_MT.json:1:2
[1199/1556] multilogieval::multilogieval:d4_Data/fol/BD_DS_MT_MT.json:2:3
[1200/1556] multilogieval::multilogieval:d4_Data/fol/BD_DS_MT_MT.json:3:4
[1201/1556] multilogieval::multilogieval:d4_Data/fol/BD_DS_MT_MT.json:4:5
[1202/1556] multilogieval::multilogieval:d4_Data/fol/BD_DS_MT_MT.json:5:6
[1203/1556] multilogieval::multilogieval:d4_Data/fol/BD_DS_MT_MT.json:6:7
[1204/1556] multilogieval::multilogieval:d4_Data/fol/BD_DS_MT_MT.json:7:8
[1205/1556] multilogieval::multilogieval:d4_Data/fol/BD_DS_MT_MT.json:8:9
[1206/1556] multilogieval::multilogieval:d4_Data/fol/BD_DS_MT_MT.json:9:10
[1207/1556] multilogieval::multilogieval:d4_Data/fol/BD_DS_MT_MT.json:10:11
[1208/1556] multilogieval::multilogieval:d4_Data/fol/BD_DS_MT_MT.json:11:12
[1209/1556] multilogieval::multilogieval:d4_Data/fol/BD_DS_MT_MT.json:12:13
[1210/1556] multilogieval::multilogieval:d4_Data/fol/BD_DS_MT_MT.json:13:14
[1211/1556] multilogieval::multilogieval:d4_Data/fol/BD_DS_MT_MT.json:14:15
[1212/1556] multilogieval::multilogieval:d4_Data/fol/CD_C_DS_MP.json:0:1
[1213/1556] multilogieval::multilogieval:d4_Data/fol/CD_C_DS_MP.json:1:2
[1214/1556] multilogieval::multilogieval:d4_Data/fol/CD_C_DS_MP.json:2:3
[1215/1556] multilogieval::multilogieval:d4_Data/fol/CD_C_DS_MP.json:3:4
[1216/1556] multilogieval::multilogieval:d4_Data/fol/CD_C_DS_MP.json:4:5
[1217/1556] multilogieval::multilogieval:d4_Data/fol/CD_C_DS_MP.json:5:6
[1218/1556] multilogieval::multilogieval:d4_Data/fol/CD_C_DS_MP.json:6:7
[1219/1556] multilogieval::multilogieval:d4_Data/fol/CD_C_DS_MP.json:7:8
[1220/1556] multilogieval::multilogieval:d4_Data/fol/CD_C_DS_MP.json:8:9
[1221/1556] multilogieval::multilogieval:d4_Data/fol/CD_C_DS_MP.json:9:10
[1222/1556] multilogieval::multilogieval:d4_Data/fol/CD_C_DS_MP.json:10:11
[1223/1556] multilogieval::multilogieval:d4_Data/fol/CD_C_DS_MP.json:11:12
[1224/1556] multilogieval::multilogieval:d4_Data/fol/CD_C_DS_MP.json:12:13
[1225/1556] multilogieval::multilogieval:d4_Data/fol/CD_C_DS_MP.json:13:14
[1226/1556] multilogieval::multilogieval:d4_Data/fol/CD_C_DS_MP.json:14:15
[1227/1556] multilogieval::multilogieval:d4_Data/fol/CD_DS_MP_MP.json:0:1
[1228/1556] multilogieval::multilogieval:d4_Data/fol/CD_DS_MP_MP.json:1:2
[1229/1556] multilogieval::multilogieval:d4_Data/fol/CD_DS_MP_MP.json:2:3
[1230/1556] multilogieval::multilogieval:d4_Data/fol/CD_DS_MP_MP.json:3:4
[1231/1556] multilogieval::multilogieval:d4_Data/fol/CD_DS_MP_MP.json:4:5
[1232/1556] multilogieval::multilogieval:d4_Data/fol/CD_DS_MP_MP.json:5:6
[1233/1556] multilogieval::multilogieval:d4_Data/fol/CD_DS_MP_MP.json:6:7
[1234/1556] multilogieval::multilogieval:d4_Data/fol/CD_DS_MP_MP.json:7:8
[1235/1556] multilogieval::multilogieval:d4_Data/fol/CD_DS_MP_MP.json:8:9
[1236/1556] multilogieval::multilogieval:d4_Data/fol/CD_DS_MP_MP.json:9:10
[1237/1556] multilogieval::multilogieval:d4_Data/fol/CD_DS_MP_MP.json:10:11
[1238/1556] multilogieval::multilogieval:d4_Data/fol/CD_DS_MP_MP.json:11:12
[1239/1556] multilogieval::multilogieval:d4_Data/fol/CD_DS_MP_MP.json:12:13
[1240/1556] multilogieval::multilogieval:d4_Data/fol/CD_DS_MP_MP.json:13:14
[1241/1556] multilogieval::multilogieval:d4_Data/fol/CD_DS_MP_MP.json:14:15
[1242/1556] multilogieval::multilogieval:d4_Data/fol/HS_CD_DS_MP.json:0:1
[1243/1556] multilogieval::multilogieval:d4_Data/fol/HS_CD_DS_MP.json:1:2
[1244/1556] multilogieval::multilogieval:d4_Data/fol/HS_CD_DS_MP.json:2:3
[1245/1556] multilogieval::multilogieval:d4_Data/fol/HS_CD_DS_MP.json:3:4
[1246/1556] multilogieval::multilogieval:d4_Data/fol/HS_CD_DS_MP.json:4:5
[1247/1556] multilogieval::multilogieval:d4_Data/fol/HS_CD_DS_MP.json:5:6
[1248/1556] multilogieval::multilogieval:d4_Data/fol/HS_CD_DS_MP.json:6:7
[1249/1556] multilogieval::multilogieval:d4_Data/fol/HS_CD_DS_MP.json:7:8
[1250/1556] multilogieval::multilogieval:d4_Data/fol/HS_CD_DS_MP.json:8:9
[1251/1556] multilogieval::multilogieval:d4_Data/fol/HS_CD_DS_MP.json:9:10
[1252/1556] multilogieval::multilogieval:d4_Data/fol/HS_CD_DS_MP.json:10:11
[1253/1556] multilogieval::multilogieval:d4_Data/fol/HS_CD_DS_MP.json:11:12
[1254/1556] multilogieval::multilogieval:d4_Data/fol/HS_CD_DS_MP.json:12:13
[1255/1556] multilogieval::multilogieval:d4_Data/fol/HS_CD_DS_MP.json:13:14
[1256/1556] multilogieval::multilogieval:d4_Data/fol/HS_CD_DS_MP.json:14:15
[1257/1556] multilogieval::multilogieval:d4_Data/fol/HS_MT_DS_MP.json:0:1
[1258/1556] multilogieval::multilogieval:d4_Data/fol/HS_MT_DS_MP.json:1:2
[1259/1556] multilogieval::multilogieval:d4_Data/fol/HS_MT_DS_MP.json:2:3
[1260/1556] multilogieval::multilogieval:d4_Data/fol/HS_MT_DS_MP.json:3:4
[1261/1556] multilogieval::multilogieval:d4_Data/fol/HS_MT_DS_MP.json:4:5
[1262/1556] multilogieval::multilogieval:d4_Data/fol/HS_MT_DS_MP.json:5:6
[1263/1556] multilogieval::multilogieval:d4_Data/fol/HS_MT_DS_MP.json:6:7
[1264/1556] multilogieval::multilogieval:d4_Data/fol/HS_MT_DS_MP.json:7:8
[1265/1556] multilogieval::multilogieval:d4_Data/fol/HS_MT_DS_MP.json:8:9
[1266/1556] multilogieval::multilogieval:d4_Data/fol/HS_MT_DS_MP.json:9:10
[1267/1556] multilogieval::multilogieval:d4_Data/fol/HS_MT_DS_MP.json:10:11
[1268/1556] multilogieval::multilogieval:d4_Data/fol/HS_MT_DS_MP.json:11:12
[1269/1556] multilogieval::multilogieval:d4_Data/fol/HS_MT_DS_MP.json:12:13
[1270/1556] multilogieval::multilogieval:d4_Data/fol/HS_MT_DS_MP.json:13:14
[1271/1556] multilogieval::multilogieval:d4_Data/fol/HS_MT_DS_MP.json:14:15
[1272/1556] multilogieval::multilogieval:d4_Data/fol/I_MT_DMT_DS.json:0:1
[1273/1556] multilogieval::multilogieval:d4_Data/fol/I_MT_DMT_DS.json:1:2
[1274/1556] multilogieval::multilogieval:d4_Data/fol/I_MT_DMT_DS.json:2:3
[1275/1556] multilogieval::multilogieval:d4_Data/fol/I_MT_DMT_DS.json:3:4
[1276/1556] multilogieval::multilogieval:d4_Data/fol/I_MT_DMT_DS.json:4:5
[1277/1556] multilogieval::multilogieval:d4_Data/fol/I_MT_DMT_DS.json:5:6
[1278/1556] multilogieval::multilogieval:d4_Data/fol/I_MT_DMT_DS.json:6:7
[1279/1556] multilogieval::multilogieval:d4_Data/fol/I_MT_DMT_DS.json:7:8
[1280/1556] multilogieval::multilogieval:d4_Data/fol/I_MT_DMT_DS.json:8:9
[1281/1556] multilogieval::multilogieval:d4_Data/fol/I_MT_DMT_DS.json:9:10
[1282/1556] multilogieval::multilogieval:d4_Data/fol/I_MT_DMT_DS.json:10:11
[1283/1556] multilogieval::multilogieval:d4_Data/fol/I_MT_DMT_DS.json:11:12
[1284/1556] multilogieval::multilogieval:d4_Data/fol/I_MT_DMT_DS.json:12:13
[1285/1556] multilogieval::multilogieval:d4_Data/fol/I_MT_DMT_DS.json:13:14
[1286/1556] multilogieval::multilogieval:d4_Data/fol/I_MT_DMT_DS.json:14:15
[1287/1556] multilogieval::multilogieval:d4_Data/nm/d4_1.json:0:1
[1288/1556] multilogieval::multilogieval:d4_Data/nm/d4_1.json:1:2
[1289/1556] multilogieval::multilogieval:d4_Data/nm/d4_1.json:2:3
[1290/1556] multilogieval::multilogieval:d4_Data/nm/d4_1.json:3:4
[1291/1556] multilogieval::multilogieval:d4_Data/nm/d4_1.json:4:5
[1292/1556] multilogieval::multilogieval:d4_Data/nm/d4_1.json:5:6
[1293/1556] multilogieval::multilogieval:d4_Data/nm/d4_1.json:6:7
[1294/1556] multilogieval::multilogieval:d4_Data/nm/d4_1.json:7:8
[1295/1556] multilogieval::multilogieval:d4_Data/nm/d4_1.json:8:9
[1296/1556] multilogieval::multilogieval:d4_Data/nm/d4_1.json:9:10
[1297/1556] multilogieval::multilogieval:d4_Data/nm/d4_1.json:10:11
[1298/1556] multilogieval::multilogieval:d4_Data/nm/d4_1.json:11:12
[1299/1556] multilogieval::multilogieval:d4_Data/nm/d4_1.json:12:13
[1300/1556] multilogieval::multilogieval:d4_Data/nm/d4_1.json:13:14
[1301/1556] multilogieval::multilogieval:d4_Data/nm/d4_1.json:14:15
[1302/1556] multilogieval::multilogieval:d4_Data/nm/d4_1.json:15:16
[1303/1556] multilogieval::multilogieval:d4_Data/nm/d4_1.json:16:17
[1304/1556] multilogieval::multilogieval:d4_Data/nm/d4_1.json:17:18
[1305/1556] multilogieval::multilogieval:d4_Data/nm/d4_1.json:18:19
[1306/1556] multilogieval::multilogieval:d4_Data/nm/d4_1.json:19:20
[1307/1556] multilogieval::multilogieval:d4_Data/nm/d4_2.json:0:1
[1308/1556] multilogieval::multilogieval:d4_Data/nm/d4_2.json:1:2
[1309/1556] multilogieval::multilogieval:d4_Data/nm/d4_2.json:2:3
[1310/1556] multilogieval::multilogieval:d4_Data/nm/d4_2.json:3:4
[1311/1556] multilogieval::multilogieval:d4_Data/nm/d4_2.json:4:5
[1312/1556] multilogieval::multilogieval:d4_Data/nm/d4_2.json:5:6
[1313/1556] multilogieval::multilogieval:d4_Data/nm/d4_2.json:6:7
[1314/1556] multilogieval::multilogieval:d4_Data/nm/d4_2.json:7:8
[1315/1556] multilogieval::multilogieval:d4_Data/nm/d4_2.json:8:9
[1316/1556] multilogieval::multilogieval:d4_Data/nm/d4_2.json:9:10
[1317/1556] multilogieval::multilogieval:d4_Data/nm/d4_2.json:10:11
[1318/1556] multilogieval::multilogieval:d4_Data/nm/d4_2.json:11:12
[1319/1556] multilogieval::multilogieval:d4_Data/nm/d4_2.json:12:13
[1320/1556] multilogieval::multilogieval:d4_Data/nm/d4_2.json:13:14
[1321/1556] multilogieval::multilogieval:d4_Data/nm/d4_2.json:14:15
[1322/1556] multilogieval::multilogieval:d4_Data/nm/d4_2.json:15:16
[1323/1556] multilogieval::multilogieval:d4_Data/nm/d4_2.json:16:17
[1324/1556] multilogieval::multilogieval:d4_Data/nm/d4_2.json:17:18
[1325/1556] multilogieval::multilogieval:d4_Data/nm/d4_2.json:18:19
[1326/1556] multilogieval::multilogieval:d4_Data/nm/d4_2.json:19:20
[1327/1556] multilogieval::multilogieval:d4_Data/pl/BD_C_DS_MP.json:0:1
[1328/1556] multilogieval::multilogieval:d4_Data/pl/BD_C_DS_MP.json:1:2
[1329/1556] multilogieval::multilogieval:d4_Data/pl/BD_C_DS_MP.json:2:3
[1330/1556] multilogieval::multilogieval:d4_Data/pl/BD_C_DS_MP.json:3:4
[1331/1556] multilogieval::multilogieval:d4_Data/pl/BD_C_DS_MP.json:4:5
[1332/1556] multilogieval::multilogieval:d4_Data/pl/BD_C_DS_MP.json:5:6
[1333/1556] multilogieval::multilogieval:d4_Data/pl/BD_C_DS_MP.json:6:7
[1334/1556] multilogieval::multilogieval:d4_Data/pl/BD_C_DS_MP.json:7:8
[1335/1556] multilogieval::multilogieval:d4_Data/pl/BD_C_DS_MP.json:8:9
[1336/1556] multilogieval::multilogieval:d4_Data/pl/BD_C_DS_MP.json:9:10
[1337/1556] multilogieval::multilogieval:d4_Data/pl/BD_C_DS_MP.json:10:11
[1338/1556] multilogieval::multilogieval:d4_Data/pl/BD_C_DS_MP.json:11:12
[1339/1556] multilogieval::multilogieval:d4_Data/pl/BD_C_DS_MP.json:12:13
[1340/1556] multilogieval::multilogieval:d4_Data/pl/BD_C_DS_MP.json:13:14
[1341/1556] multilogieval::multilogieval:d4_Data/pl/BD_C_DS_MP.json:14:15
[1342/1556] multilogieval::multilogieval:d4_Data/pl/BD_DS_MT_DS.json:0:1
[1343/1556] multilogieval::multilogieval:d4_Data/pl/BD_DS_MT_DS.json:1:2
[1344/1556] multilogieval::multilogieval:d4_Data/pl/BD_DS_MT_DS.json:2:3
[1345/1556] multilogieval::multilogieval:d4_Data/pl/BD_DS_MT_DS.json:3:4
[1346/1556] multilogieval::multilogieval:d4_Data/pl/BD_DS_MT_DS.json:4:5
[1347/1556] multilogieval::multilogieval:d4_Data/pl/BD_DS_MT_DS.json:5:6
[1348/1556] multilogieval::multilogieval:d4_Data/pl/BD_DS_MT_DS.json:6:7
[1349/1556] multilogieval::multilogieval:d4_Data/pl/BD_DS_MT_DS.json:7:8
[1350/1556] multilogieval::multilogieval:d4_Data/pl/BD_DS_MT_DS.json:8:9
[1351/1556] multilogieval::multilogieval:d4_Data/pl/BD_DS_MT_DS.json:9:10
[1352/1556] multilogieval::multilogieval:d4_Data/pl/BD_DS_MT_DS.json:10:11
[1353/1556] multilogieval::multilogieval:d4_Data/pl/BD_DS_MT_DS.json:11:12
[1354/1556] multilogieval::multilogieval:d4_Data/pl/BD_DS_MT_DS.json:12:13
[1355/1556] multilogieval::multilogieval:d4_Data/pl/BD_DS_MT_DS.json:13:14
[1356/1556] multilogieval::multilogieval:d4_Data/pl/BD_DS_MT_DS.json:14:15
[1357/1556] multilogieval::multilogieval:d4_Data/pl/BD_DS_MT_MT.json:0:1
[1358/1556] multilogieval::multilogieval:d4_Data/pl/BD_DS_MT_MT.json:1:2
[1359/1556] multilogieval::multilogieval:d4_Data/pl/BD_DS_MT_MT.json:2:3
[1360/1556] multilogieval::multilogieval:d4_Data/pl/BD_DS_MT_MT.json:3:4
[1361/1556] multilogieval::multilogieval:d4_Data/pl/BD_DS_MT_MT.json:4:5
[1362/1556] multilogieval::multilogieval:d4_Data/pl/BD_DS_MT_MT.json:5:6
[1363/1556] multilogieval::multilogieval:d4_Data/pl/BD_DS_MT_MT.json:6:7
[1364/1556] multilogieval::multilogieval:d4_Data/pl/BD_DS_MT_MT.json:7:8
[1365/1556] multilogieval::multilogieval:d4_Data/pl/BD_DS_MT_MT.json:8:9
[1366/1556] multilogieval::multilogieval:d4_Data/pl/BD_DS_MT_MT.json:9:10
[1367/1556] multilogieval::multilogieval:d4_Data/pl/BD_DS_MT_MT.json:10:11
[1368/1556] multilogieval::multilogieval:d4_Data/pl/BD_DS_MT_MT.json:11:12
[1369/1556] multilogieval::multilogieval:d4_Data/pl/BD_DS_MT_MT.json:12:13
[1370/1556] multilogieval::multilogieval:d4_Data/pl/BD_DS_MT_MT.json:13:14
[1371/1556] multilogieval::multilogieval:d4_Data/pl/BD_DS_MT_MT.json:14:15
[1372/1556] multilogieval::multilogieval:d4_Data/pl/CD_C_DS_MP.json:0:1
[1373/1556] multilogieval::multilogieval:d4_Data/pl/CD_C_DS_MP.json:1:2
[1374/1556] multilogieval::multilogieval:d4_Data/pl/CD_C_DS_MP.json:2:3
[1375/1556] multilogieval::multilogieval:d4_Data/pl/CD_C_DS_MP.json:3:4
[1376/1556] multilogieval::multilogieval:d4_Data/pl/CD_C_DS_MP.json:4:5
[1377/1556] multilogieval::multilogieval:d4_Data/pl/CD_C_DS_MP.json:5:6
[1378/1556] multilogieval::multilogieval:d4_Data/pl/CD_C_DS_MP.json:6:7
[1379/1556] multilogieval::multilogieval:d4_Data/pl/CD_C_DS_MP.json:7:8
[1380/1556] multilogieval::multilogieval:d4_Data/pl/CD_C_DS_MP.json:8:9
[1381/1556] multilogieval::multilogieval:d4_Data/pl/CD_C_DS_MP.json:9:10
[1382/1556] multilogieval::multilogieval:d4_Data/pl/CD_C_DS_MP.json:10:11
[1383/1556] multilogieval::multilogieval:d4_Data/pl/CD_C_DS_MP.json:11:12
[1384/1556] multilogieval::multilogieval:d4_Data/pl/CD_C_DS_MP.json:12:13
[1385/1556] multilogieval::multilogieval:d4_Data/pl/CD_C_DS_MP.json:13:14
[1386/1556] multilogieval::multilogieval:d4_Data/pl/CD_C_DS_MP.json:14:15
[1387/1556] multilogieval::multilogieval:d4_Data/pl/CD_DS_MP_MP.json:0:1
[1388/1556] multilogieval::multilogieval:d4_Data/pl/CD_DS_MP_MP.json:1:2
[1389/1556] multilogieval::multilogieval:d4_Data/pl/CD_DS_MP_MP.json:2:3
[1390/1556] multilogieval::multilogieval:d4_Data/pl/CD_DS_MP_MP.json:3:4
[1391/1556] multilogieval::multilogieval:d4_Data/pl/CD_DS_MP_MP.json:4:5
[1392/1556] multilogieval::multilogieval:d4_Data/pl/CD_DS_MP_MP.json:5:6
[1393/1556] multilogieval::multilogieval:d4_Data/pl/CD_DS_MP_MP.json:6:7
[1394/1556] multilogieval::multilogieval:d4_Data/pl/CD_DS_MP_MP.json:7:8
[1395/1556] multilogieval::multilogieval:d4_Data/pl/CD_DS_MP_MP.json:8:9
[1396/1556] multilogieval::multilogieval:d4_Data/pl/CD_DS_MP_MP.json:9:10
[1397/1556] multilogieval::multilogieval:d4_Data/pl/CD_DS_MP_MP.json:10:11
[1398/1556] multilogieval::multilogieval:d4_Data/pl/CD_DS_MP_MP.json:11:12
[1399/1556] multilogieval::multilogieval:d4_Data/pl/CD_DS_MP_MP.json:12:13
[1400/1556] multilogieval::multilogieval:d4_Data/pl/CD_DS_MP_MP.json:13:14
[1401/1556] multilogieval::multilogieval:d4_Data/pl/CD_DS_MP_MP.json:14:15
[1402/1556] multilogieval::multilogieval:d4_Data/pl/HS_CD_DS_MP.json:0:1
[1403/1556] multilogieval::multilogieval:d4_Data/pl/HS_CD_DS_MP.json:1:2
[1404/1556] multilogieval::multilogieval:d4_Data/pl/HS_CD_DS_MP.json:2:3
[1405/1556] multilogieval::multilogieval:d4_Data/pl/HS_CD_DS_MP.json:3:4
[1406/1556] multilogieval::multilogieval:d4_Data/pl/HS_CD_DS_MP.json:4:5
[1407/1556] multilogieval::multilogieval:d4_Data/pl/HS_CD_DS_MP.json:5:6
[1408/1556] multilogieval::multilogieval:d4_Data/pl/HS_CD_DS_MP.json:6:7
[1409/1556] multilogieval::multilogieval:d4_Data/pl/HS_CD_DS_MP.json:7:8
[1410/1556] multilogieval::multilogieval:d4_Data/pl/HS_CD_DS_MP.json:8:9
[1411/1556] multilogieval::multilogieval:d4_Data/pl/HS_CD_DS_MP.json:9:10
[1412/1556] multilogieval::multilogieval:d4_Data/pl/HS_CD_DS_MP.json:10:11
[1413/1556] multilogieval::multilogieval:d4_Data/pl/HS_CD_DS_MP.json:11:12
[1414/1556] multilogieval::multilogieval:d4_Data/pl/HS_CD_DS_MP.json:12:13
[1415/1556] multilogieval::multilogieval:d4_Data/pl/HS_CD_DS_MP.json:13:14
[1416/1556] multilogieval::multilogieval:d4_Data/pl/HS_CD_DS_MP.json:14:15
[1417/1556] multilogieval::multilogieval:d4_Data/pl/HS_MT_DS_MP.json:0:1
[1418/1556] multilogieval::multilogieval:d4_Data/pl/HS_MT_DS_MP.json:1:2
[1419/1556] multilogieval::multilogieval:d4_Data/pl/HS_MT_DS_MP.json:2:3
[1420/1556] multilogieval::multilogieval:d4_Data/pl/HS_MT_DS_MP.json:3:4
[1421/1556] multilogieval::multilogieval:d4_Data/pl/HS_MT_DS_MP.json:4:5
[1422/1556] multilogieval::multilogieval:d4_Data/pl/HS_MT_DS_MP.json:5:6
[1423/1556] multilogieval::multilogieval:d4_Data/pl/HS_MT_DS_MP.json:6:7
[1424/1556] multilogieval::multilogieval:d4_Data/pl/HS_MT_DS_MP.json:7:8
[1425/1556] multilogieval::multilogieval:d4_Data/pl/HS_MT_DS_MP.json:8:9
[1426/1556] multilogieval::multilogieval:d4_Data/pl/HS_MT_DS_MP.json:9:10
[1427/1556] multilogieval::multilogieval:d4_Data/pl/HS_MT_DS_MP.json:10:11
[1428/1556] multilogieval::multilogieval:d4_Data/pl/HS_MT_DS_MP.json:11:12
[1429/1556] multilogieval::multilogieval:d4_Data/pl/HS_MT_DS_MP.json:12:13
[1430/1556] multilogieval::multilogieval:d4_Data/pl/HS_MT_DS_MP.json:13:14
[1431/1556] multilogieval::multilogieval:d4_Data/pl/HS_MT_DS_MP.json:14:15
[1432/1556] multilogieval::multilogieval:d4_Data/pl/I_MT_DMT_DS.json:0:1
[1433/1556] multilogieval::multilogieval:d4_Data/pl/I_MT_DMT_DS.json:1:2
[1434/1556] multilogieval::multilogieval:d4_Data/pl/I_MT_DMT_DS.json:2:3
[1435/1556] multilogieval::multilogieval:d4_Data/pl/I_MT_DMT_DS.json:3:4
[1436/1556] multilogieval::multilogieval:d4_Data/pl/I_MT_DMT_DS.json:4:5
[1437/1556] multilogieval::multilogieval:d4_Data/pl/I_MT_DMT_DS.json:5:6
[1438/1556] multilogieval::multilogieval:d4_Data/pl/I_MT_DMT_DS.json:6:7
[1439/1556] multilogieval::multilogieval:d4_Data/pl/I_MT_DMT_DS.json:7:8
[1440/1556] multilogieval::multilogieval:d4_Data/pl/I_MT_DMT_DS.json:8:9
[1441/1556] multilogieval::multilogieval:d4_Data/pl/I_MT_DMT_DS.json:9:10
[1442/1556] multilogieval::multilogieval:d4_Data/pl/I_MT_DMT_DS.json:10:11
[1443/1556] multilogieval::multilogieval:d4_Data/pl/I_MT_DMT_DS.json:11:12
[1444/1556] multilogieval::multilogieval:d4_Data/pl/I_MT_DMT_DS.json:12:13
[1445/1556] multilogieval::multilogieval:d4_Data/pl/I_MT_DMT_DS.json:13:14
[1446/1556] multilogieval::multilogieval:d4_Data/pl/I_MT_DMT_DS.json:14:15
[1447/1556] multilogieval::multilogieval:d5_Data/fol/BD_C_DS_MP_MP.json:0:1
[1448/1556] multilogieval::multilogieval:d5_Data/fol/BD_C_DS_MP_MP.json:1:2
[1449/1556] multilogieval::multilogieval:d5_Data/fol/BD_C_DS_MP_MP.json:2:3
[1450/1556] multilogieval::multilogieval:d5_Data/fol/BD_C_DS_MP_MP.json:3:4
[1451/1556] multilogieval::multilogieval:d5_Data/fol/BD_C_DS_MP_MP.json:4:5
[1452/1556] multilogieval::multilogieval:d5_Data/fol/BD_C_DS_MP_MP.json:5:6
[1453/1556] multilogieval::multilogieval:d5_Data/fol/BD_C_DS_MP_MP.json:6:7
[1454/1556] multilogieval::multilogieval:d5_Data/fol/BD_C_DS_MP_MP.json:7:8
[1455/1556] multilogieval::multilogieval:d5_Data/fol/BD_C_DS_MP_MP.json:8:9
[1456/1556] multilogieval::multilogieval:d5_Data/fol/BD_C_DS_MP_MP.json:9:10
[1457/1556] multilogieval::multilogieval:d5_Data/fol/BD_C_DS_MP_MP.json:10:11
[1458/1556] multilogieval::multilogieval:d5_Data/fol/BD_C_DS_MP_MP.json:11:12
[1459/1556] multilogieval::multilogieval:d5_Data/fol/BD_C_DS_MP_MP.json:12:13
[1460/1556] multilogieval::multilogieval:d5_Data/fol/BD_C_DS_MP_MP.json:13:14
[1461/1556] multilogieval::multilogieval:d5_Data/fol/BD_C_DS_MP_MP.json:14:15
[1462/1556] multilogieval::multilogieval:d5_Data/fol/CD_C_DS_MP_MP.json:0:1
[1463/1556] multilogieval::multilogieval:d5_Data/fol/CD_C_DS_MP_MP.json:1:2
[1464/1556] multilogieval::multilogieval:d5_Data/fol/CD_C_DS_MP_MP.json:2:3
[1465/1556] multilogieval::multilogieval:d5_Data/fol/CD_C_DS_MP_MP.json:3:4
[1466/1556] multilogieval::multilogieval:d5_Data/fol/CD_C_DS_MP_MP.json:4:5
[1467/1556] multilogieval::multilogieval:d5_Data/fol/CD_C_DS_MP_MP.json:5:6
[1468/1556] multilogieval::multilogieval:d5_Data/fol/CD_C_DS_MP_MP.json:6:7
[1469/1556] multilogieval::multilogieval:d5_Data/fol/CD_C_DS_MP_MP.json:7:8
[1470/1556] multilogieval::multilogieval:d5_Data/fol/CD_C_DS_MP_MP.json:8:9
[1471/1556] multilogieval::multilogieval:d5_Data/fol/CD_C_DS_MP_MP.json:9:10
[1472/1556] multilogieval::multilogieval:d5_Data/fol/CD_C_DS_MP_MP.json:10:11
[1473/1556] multilogieval::multilogieval:d5_Data/fol/CD_C_DS_MP_MP.json:11:12
